X (m),Y (m),Z (m)
9799.388855421685,1889.9771971496439,50.54065500889151
9801.112153614458,1889.967915220172,50.675032602252514
9801.697424698794,1889.9307875022844,50.81957320687611
9802.998027108433,1889.8565320665086,50.98895672791938
9804.29862951807,1889.5409464644622,51.25432424422051
9805.111506024095,1889.8843778549247,51.44516301126259
9805.20905120482,1890.1071441622514,51.69133372851215
9805.696777108433,1890.3299104695784,51.92959988144635
9807.290015060242,1890.3484743285221,52.14528156490811
9808.460557228915,1891.2581034167736,52.385806164789564
9809.826189759036,1891.6850721724834,52.65907824540605
9811.126792168674,1891.6757902430113,52.89960284528749
9812.654999999999,1891.8985565503385,53.144644339063426
9813.077695783131,1891.8521469029783,53.42017486662714
9813.532906626506,1892.0841951397774,53.68780082987551
9812.32984939759,1891.8057372556189,53.96220213396562
9810.996731927711,1891.9078384798102,54.208372851215174
9810.216370481929,1892.186296363969,54.5934380557202
9809.761159638554,1892.5111638954872,54.85767634854772
9807.875286144577,1893.1980266764117,55.16482513337284
9807.387560240963,1893.94986296364,55.50697984588026
9805.89186746988,1894.2932943541025,55.78138114997036
9805.144021084338,1894.6552896035084,56.114502074688794
9804.168569277108,1895.6391741275354,56.41713396561944
9804.461204819276,1896.4652658505393,56.767193242442204
9803.810903614458,1897.374894938791,57.122898636633074
9804.331144578313,1897.922528777636,57.53506520450504
9804.038509036145,1898.562981911201,57.90432128037937
9802.120120481926,1899.853170107802,58.32213396561945
9799.8765813253,1900.846336561301,58.730912863070536
9797.307891566265,1901.0505390096841,59.12839952578541
9794.576626506025,1901.0319751507402,59.53153230586841
9793.243509036143,1902.6655947378038,59.99112625963248
9793.276024096385,1904.0207564407092,60.42926496739775
9796.885195783132,1904.1228576649005,60.966775340841735
9796.007289156627,1905.3109446373105,61.56978067575579
9792.950873493975,1907.0002558012063,62.10051570835803
9790.317153614458,1908.234752420976,62.58834024896265
9789.894457831324,1909.617759912297,63.08858624777712
9787.68343373494,1910.7037456605156,63.638518079430945
9785.569954819277,1912.3652110359951,64.21668049792532
9784.431927710844,1913.9802667641152,64.88743924125667
9783.228870481928,1915.3725561849083,65.50851215174866
9781.180421686746,1917.0618673488036,66.10812981624184
9777.051009036144,1918.7047688653395,66.75065797273265
9771.88111445783,1920.4590535355385,67.34011262596324
9768.304457831324,1922.5753334551437,67.97134854771784
9768.889728915663,1925.5919605335284,68.65452874925903
9769.084819277108,1927.1606066142886,69.42014226437462
9762.38671686747,1928.0702357025402,70.03105216360403
9756.859156626504,1929.462525123333,70.79214878482514
9752.697228915664,1932.265667823863,71.54082394783639
9748.795421686746,1934.6789694865708,72.33240960284529
9744.698524096386,1936.5539192399053,73.02688203912271
9740.43905120482,1939.4220354467386,73.77442797866033
9735.009036144578,1941.7053900968392,74.60214878482513
9731.36734939759,1944.0258724648277,75.37340841730884
9726.782725903615,1946.1792801023207,76.21693835210434
9721.645346385541,1949.2701626164812,77.05143449911084
9716.312876506023,1951.54423533711,77.878026081802
9712.50861445783,1953.7997441987945,78.62331357439243
9706.298237951807,1957.7352822949024,79.59218731475991
9702.07128012048,1960.9004202448386,80.47862774155305
9695.27563253012,1963.5086424264573,81.26795494961469
9688.122319277109,1965.8569705828615,82.15100770598696
9682.302123493975,1969.3191302759,83.12778601066982
9676.091746987951,1972.0016078932945,84.0119679905157
9668.873403614458,1974.9254156769598,84.99665085951392
9659.5415813253,1977.9234788964006,85.88534973325429
9651.38030120482,1981.877580851453,86.80002074688797
9647.185858433735,1984.987027224557,87.764377593361
9637.91906626506,1988.9225653206656,88.74002667457023
9630.147966867471,1991.4843778549246,89.70890041493776
9622.344352409638,1995.3642243742008,90.7410106698281
9616.62170180723,1999.095560021926,91.65003556609365
9608.23281626506,2003.0032523296186,92.5997125074096
9598.673388554216,2006.261209574274,93.74474510966212
9591.585105421686,2009.574858395761,94.74636633076467
9582.188253012047,2012.786405993057,95.7931564908121
9572.596310240962,2015.9329800840492,96.76541790160046
9560.69579819277,2020.0820025580122,97.87996147006521
9554.908117469879,2024.305280467751,98.91658861885001
9544.698388554218,2028.4914306596022,100.09211025489034
9534.74878012048,2031.9721542115842,101.02597806757558
9524.083840361445,2036.3253791339305,102.17552756372258
9520.962394578313,2038.803654302942,103.42331950207469
9513.191295180723,2042.200840489677,104.44865441612329
9500.282816265058,2047.528668006578,105.57674866627148
9488.83751506024,2052.513064133017,106.6438648488441
9479.765813253012,2056.689932395396,107.8035773562537
9470.23890060241,2059.706559473781,109.01636336692353
9458.533478915662,2064.291832632926,110.18849733254298
9445.527454819277,2068.468700895304,111.29061944279786
9435.090120481927,2072.48777635666,112.40403378778898
9424.00248493976,2077.7691942262018,113.70715767634854
9415.158388554217,2082.549387904258,114.77653230586841
9403.030271084337,2087.64516718436,116.07965619442797
9392.235271084337,2092.026237895122,117.12531713100178
9381.797936746987,2096.119568792253,118.53007113218732
9368.824427710842,2100.8440708934777,119.62428867812685
9356.826370481927,2105.949132103052,120.82013633669234
9343.495195783133,2112.056641695597,122.03066390041494
9335.301400602411,2116.0478713685366,123.3654060462359
9323.953644578312,2121.0137036360316,124.64142857142856
9310.850075301205,2125.8031792435595,125.83388855957321
9298.429322289157,2130.50911748584,127.1381416716064
9287.08156626506,2135.7626895669655,128.36447836395968
9272.774939759036,2142.148657043669,129.5716182572614
9260.484246987951,2147.040233875389,130.97185536455245
9248.746310240964,2151.7183263292527,132.21400118553646
9236.260527108432,2157.352457518729,133.5419679905157
9223.904804216867,2162.568901881966,134.78185536455246
9211.451536144577,2168.759948839759,136.10643449911086
9198.67311746988,2174.94171386808,137.4050414937759
9187.943147590362,2179.6198063219445,138.64831653823353
9177.018087349397,2185.2353736524765,140.01806461173683
9164.467274096385,2190.3218710031065,141.33925607587435
9151.883945783131,2195.4919057189845,142.6830320094843
9142.129427710843,2201.5065960168104,143.9669590989923
9129.025858433735,2207.1685729947017,145.30847658565503
9115.206957831326,2213.5731043303495,146.60821280379372
9109.874487951807,2217.5643340032893,148.04684350918788
9095.372771084338,2222.790060295999,149.32399525785416
9086.171009036143,2229.510177233693,150.6971310017783
9075.1809186747,2234.7730312442905,151.84780972139893
9060.646686746988,2241.214690297826,153.30112033195022
9050.079292168673,2245.9670381874657,154.57149673977474
9041.332740963855,2253.281198611365,156.10159454653228
9026.798509036145,2259.230915402887,157.30082987551867
9016.296144578313,2264.883610451307,158.67283639596917
9003.810361445783,2269.988671660881,160.010966212211
8991.519668674699,2276.866581399598,161.37280972139894
8978.74125,2281.9716426091727,162.61721398933017
8965.117439759035,2288.2276630732695,163.96324836988737
8955.785617469879,2293.2863146354834,165.3420302311796
8942.909653614457,2299.20818563859,166.66548014226436
8932.829984939759,2305.4642061026866,168.03071132187313
8921.449713855422,2310.8941348437793,169.28414937759337
8910.94734939759,2316.3890370911754,170.71261707172494
8897.518629518072,2322.988488945734,172.09817427385892
8885.813207831327,2328.2327790973877,173.4317871962063
8876.676475903614,2334.8507948108904,174.71571428571428
8862.987635542167,2340.3178512698705,176.08772080616478
8853.785873493976,2346.2211584140327,177.43375518672198
8842.925843373494,2351.521140142518,178.73800829875518
8834.471927710842,2359.4107801936784,180.27601066982805
8824.554834337348,2365.267677690481,181.38264967397748
8811.613840361446,2372.1641512881424,182.84838174273858
8802.932319277108,2377.2784944271884,184.09843212803793
8795.55140060241,2384.4812716974243,185.5619057498518
8780.269322289156,2389.7162799196058,186.76904564315353
8769.864503012048,2396.2971679152206,188.13201837581505
8761.995858433736,2402.4696510140698,189.49273266152935
8747.461626506023,2409.1619221633478,190.8410254890338
8735.91878012048,2414.8424630001828,192.19496443390634
8724.245873493976,2420.4394664717706,193.52067279193835
8714.94656626506,2427.827882331446,194.93446058091288
8702.330722891566,2433.2299652841225,196.20257854179016
8691.69829819277,2440.302795541751,197.49215174866626
8681.84623493976,2446.818710031062,198.98724362774158
8672.059201807228,2453.6502101224196,200.37505927682275
8662.694864457831,2459.572081125526,201.64656490812092
8651.054472891565,2466.087995614837,202.9654979253112
8645.104216867468,2472.557500456788,204.3578304682869
8631.512921686746,2479.5003837018094,205.71064018968585
8620.392771084336,2485.68214873013,207.03634854771784
8609.630286144577,2491.418381143797,208.44561944279786
8596.721807228916,2498.1292161520196,209.85376111440425
8588.78813253012,2505.0535355380966,211.1659187907528
8576.790075301204,2511.48591266216,212.42500296384114
8567.328192771083,2518.3731043303496,214.0330171902786
8558.158945783132,2524.1186186734885,215.2548369887374
8543.364593373493,2531.8040562762653,216.64491108476585
8536.178765060242,2537.6609537730683,218.0553112033195
8527.139578313254,2544.7894756075284,219.4882957913456
8516.377093373492,2552.252146902979,220.86256075874334
8509.548930722893,2558.1832998355567,222.07986366330766
8498.916506024096,2566.425653206651,223.69578245406043
8487.373659638553,2572.421779645533,224.9198606994665
8476.44859939759,2579.151178512699,226.3020302311796
8466.564021084338,2586.42821121871,227.8084143449911
8459.60579819277,2593.055508861685,229.14202726733845
8448.550677710842,2600.0169559656497,230.47564018968583
8438.698614457831,2607.3496802484933,231.94588915234144
8429.204216867469,2613.809903160972,233.36080616478955
8418.539277108433,2621.5974419879412,234.7610432720806
8407.321581325301,2628.651708386626,236.08449318316542
8400.91611445783,2635.0469577928015,237.58748962655602
8391.291656626505,2642.4353736524763,238.9482039122703
8381.34204819277,2648.626420610269,240.23777711914641
8371.262379518072,2657.1101041476345,241.80739774748074
8361.182710843374,2663.4775077653944,243.10826318909307
8350.680346385541,2670.1976247030884,244.54689389448725
8342.226430722892,2677.5674767038195,245.92906342620034
8335.43078313253,2684.9558925634938,247.4569027860107
8325.578719879517,2692.177233692674,248.71372851215176
8314.881265060241,2699.66775077654,250.10267338470658
8306.719984939758,2707.148985930934,251.70729994072315
8297.778343373493,2714.128996893843,252.96751333728514
8283.601777108433,2721.294646446191,254.35871665678718
8280.740451807227,2728.0704549607167,255.9068820391227
8268.482274096385,2735.8579937876852,257.249528749259
8258.922846385542,2742.53170107802,258.5549110847659
8249.721084337349,2750.8854376027775,260.1200148192057
8238.243268072289,2757.1136122784583,261.5755838767042
8230.992409638553,2764.362799196054,262.97356253704805
8219.026867469878,2772.7629453681716,264.4607498518079
8213.369246987952,2779.7058286131924,265.90276822762297
8202.119036144577,2786.6858395761014,267.228476585655
8189.958403614457,2795.243778549242,268.679528749259
8183.3253313253,2801.546208660698,270.22204801422646
8172.985542168675,2809.231646263476,271.6301896858329
8161.800361445782,2815.9703270601135,273.01800533491405
8157.8985542168675,2823.9806321944093,274.6869976289271
8145.770436746988,2831.1184359583417,275.94382335506816
8137.251490963854,2840.075497898776,277.37003260225254
8128.244819277109,2846.442901516536,278.83802311796086
8117.644909638553,2853.6549607162437,280.34327800829874
8108.1505120481925,2861.052658505391,281.79884706579725
8102.167740963855,2869.1465010049337,283.33120331950204
8092.900948795181,2876.024410743651,284.73595732068765
8082.268524096385,2885.018600401974,286.09893005334914
8072.774126506023,2891.683025762836,287.6979104919976
8063.89751506024,2898.291759546867,289.1263781861292
8053.590240963855,2906.4969852000736,290.61356550088914
8046.079262048192,2914.1267312260193,292.077039122703
8038.568283132529,2921.301662707839,293.59358624777707
8026.342620481928,2929.8410378220356,295.0254416123296
8020.847575301204,2934.843997807419,296.54763485477173
8009.2396987951815,2943.6618308057746,298.0506312981624
8002.216445783131,2950.9481454412576,299.4892620035566
7995.225707831325,2958.262305865157,301.11760225251925
7984.853403614457,2966.1426639868446,302.5618790752816
7978.155301204818,2973.4104147633843,303.9756668642561
7966.482394578312,2981.6527681344787,305.51818612922347
7957.995963855422,2989.217540654121,306.8348606994665
7947.265993975902,2997.3577928010236,308.4643301719028
7943.8193975903605,3004.42134112918,310.0542768227623
7935.00781626506,3011.6798099762477,311.44886781268525
7924.277846385542,3020.358414032524,312.9789656194428
7918.555195783132,3027.022839393386,314.4255008891523
7906.524623493975,3035.6643157317744,315.9928630705394
7900.054126506024,3043.7303124429022,317.4235892116182
7892.998358433735,3050.4411474511244,318.96046235921756
7882.138328313253,3059.351799744199,320.4747510373444
7874.237168674698,3065.8677142335105,321.92128630705395
7863.864864457831,3074.8433400328895,323.5439804386485
7853.817710843374,3081.461355746392,324.90695317131
7846.696912650602,3090.4555454047145,326.47318612922345
7836.357123493975,3098.456568609538,327.9739241256668
7829.3989006024085,3105.3808879956155,329.44078541790157
7820.034563253012,3113.047761739449,331.09058091286306
7811.710707831324,3121.4479079115663,332.52356550088916
7803.289307228915,3129.6716974237165,334.0265619442798
7793.274668674698,3137.7191302759,335.6289300533491
7785.828719879518,3145.2467750776545,337.10030823947835
7778.317740963855,3153.5355380961087,338.70832246591584
7772.465030120482,3161.5272793714603,340.14695317131003
7761.800090361446,3169.138461538462,341.7368998221695
7754.971927710843,3176.6475424812725,343.32232957913453
7745.379984939758,3184.9641512881426,344.7858032009484
7734.845105421686,3193.419989037092,346.31138411381147
7730.553117469879,3200.010158962178,347.8245435684647
7718.78266566265,3208.419587063768,349.40206876111444
7711.759412650602,3216.2906632559843,350.94345880260823
7704.63861445783,3224.904293805957,352.50065797273265
7694.331340361446,3232.1627626530244,353.96751926496745
7685.974969879518,3239.968865338937,355.3971161825726
7678.073810240963,3248.888799561484,357.1812892708951
7671.57079819277,3256.0730129727763,358.6639596917605
7663.539578313253,3264.9372556184912,360.0992027267339
7657.394231927711,3272.799049881236,361.8111055127445
7646.1440210843375,3280.261721176686,363.26893301719025
7637.950225903614,3288.401973323589,364.7798340248963
7632.455180722892,3297.4425726292716,366.5109336099585
7622.96078313253,3305.2208295267683,367.8456757557795
7618.6362801204805,3313.082623789513,369.51128037937167
7607.386069277107,3322.141786954139,371.15317131001774
7601.630903614458,3329.3816919422625,372.6166449318317
7592.656746987951,3338.5615201900246,374.284508002371
7584.17031626506,3346.3769048054087,375.77056609365735
7577.569759036144,3354.1365978439617,377.32663604030824
7568.725662650602,3362.796638041294,379.0916123295791
7560.791987951807,3370.2964370546324,380.5008832246592
7553.866280120481,3378.8172483098856,382.1924599881446
7544.209307228915,3387.375187283026,383.78466508595136
7534.6823945783135,3395.6082587246487,385.338476585655
7528.114352409638,3403.729947012608,386.9622999407232
7519.75798192771,3412.241476338389,388.56692649673977
7511.174006024095,3420.8922346062495,390.20768820391226
7503.370391566264,3428.336342042756,391.8586129223474
7494.396234939758,3437.0242280285042,393.43162122110255
7485.519623493977,3445.6471405079483,395.02721398933016
7477.683493975903,3454.8640964735982,396.7154030823948
7469.9774246987945,3461.630623058652,398.32228808535865
7462.8566265060235,3469.6687739813638,399.9980557202134
7453.2971987951805,3479.359108350083,401.6591434499111
7449.4604216867465,3486.988854376028,403.24118553645525
7436.031701807228,3495.4539740544496,404.9124362774155
7431.349533132529,3504.4481637127724,406.59272080616483
7422.310346385541,3512.8111821670022,408.28542679312386
7415.059487951807,3520.8678969486577,409.9194131594547
7407.646054216867,3529.2030696144716,411.5421072910492
7400.557771084337,3537.7981363055005,413.2788529934795
7389.567680722891,3547.553444180523,414.93994072317724
7383.649939759036,3555.2295998538284,416.58070243034973
7374.675783132529,3563.0913941165727,418.2203349140486
7365.799171686747,3572.995212863147,420.1287225844695
7360.17406626506,3580.28152749863,421.6226852400711
7351.947756024097,3589.5634569705835,423.33345880260816
7344.014081325302,3597.9543212132294,425.12892412566686
7333.381656626506,3605.8161154759737,426.74032602252515
7328.049186746987,3615.5157317741646,428.5244991108476
7318.132093373494,3624.212899689385,430.12460877296974
7312.637048192771,3632.3160241184,431.8523206876111
7305.256129518071,3640.7068883610455,433.62858921161825
7293.940888554217,3649.1163164626355,435.23434499110846
7290.949503012048,3658.7138315366346,437.0264226437463
7277.618328313253,3666.7612643888183,438.7722021339656
7271.993222891566,3675.541969669286,440.43103141671605
7262.563855421687,3684.062780924539,442.2253675163011
7255.085391566265,3691.655399232597,443.8378986366331
7249.135135542168,3700.974456422438,445.760966212211
7240.09594879518,3709.2817832998358,447.35317131001773
7231.577003012048,3718.684377854925,449.06620331950205
7223.123087349397,3726.555454047141,450.88086544161234
7213.628689759035,3735.0855472318663,452.66165085951394
7209.04406626506,3743.5042572629272,454.3916212211025
7201.435542168674,3752.099323953956,456.10465323058685
7194.965045180723,3760.4159327608263,457.8560788381743
7189.8601807228915,3769.5586332907005,459.7204267931239
7178.349849397589,3778.3857482185276,461.41764967397745
7173.114924698795,3785.662780924539,463.10132187314764
7163.360406626505,3794.406358487119,464.9656698280972
7158.905843373494,3802.732249223461,466.72951689389447
7152.37031626506,3811.5872099397047,468.4481950207469
7145.477123493975,3819.198392106706,470.17139004149374
7136.535481927711,3828.0904805408377,472.0515471250741
7128.179111445783,3835.9337109446383,473.7103764078245
7121.741129518072,3844.7793897314095,475.42905453467694
7114.782906626505,3853.142408185639,477.2967901600474
7109.840617469879,3860.7628722821128,479.0820924718435
7103.565210843372,3868.745331627993,480.7691523414345
7097.517409638554,3876.996966928559,482.535257854179
7086.202168674698,3885.6848529143076,484.45155008891527
7081.324909638553,3892.590608441441,486.06859810314165
7074.204111445783,3901.04644619039,487.8640634262004
7067.148343373494,3909.0381874657414,489.7216360403082
7059.572334337349,3917.0484926000368,491.42563426200354
7054.434954819277,3924.1120409281934,493.16689685832836
7045.655888554216,3932.6142883245025,494.98494665085957
7040.095813253011,3939.603581216883,496.7578275044458
7034.0480120481925,3948.7555636762286,498.6199170124482
7024.716189759036,3956.524538644255,500.2968138707766
7021.041987951807,3963.5973689018833,502.17584173088323
7009.824292168675,3972.508021194958,503.89000296384114
7006.605301204819,3979.868591266217,505.7227326615294
6996.623177710842,3987.6097204458256,507.467382928275
6992.981490963855,3995.490078567514,509.3023710729105
6989.274774096385,4003.4818198428657,511.13058387670424
6982.804277108433,4010.304038004751,512.7329519857735
6977.049111445782,4018.4164443632376,514.7723295791345
6968.1725,4026.612388086973,516.4447095435685
6966.351656626506,4033.58311712041,518.210815056313
6956.857259036145,4041.482039101042,520.0661292234737
6953.735813253012,4048.9911200438523,521.8570776526377
6949.248734939758,4057.1313721907554,523.6265708358032
6942.875783132529,4064.5940434862055,525.4412329579135
6937.315707831325,4071.0635483281567,527.3405868405454
6930.227424698795,4079.7050246665453,528.9169828097214
6929.674668674699,4087.130568244108,530.8581179608773
6924.30968373494,4095.252256532067,532.7213366923534
6919.204819277108,4102.325086789696,534.4219472436276
6913.9048644578315,4109.778476155674,536.2433847065797
6905.873644578312,4116.053060478714,538.1032157676349
6901.289021084337,4124.016955965651,539.944979253112
6895.696430722891,4130.764918691761,541.6489774748073
6893.257801204818,4137.364370546319,543.5234884410196
6885.87688253012,4146.080102320483,545.3437966804979
6881.649924698794,4152.846628905537,547.1042560758743
6874.399066265059,4159.408953042209,549.0329697688204
6870.302168674699,4166.463219440892,550.7098666271488
6865.457424698795,4173.563895486936,552.5640515708359
6863.701611445783,4180.980157135027,554.441950207469
6859.279563253012,4187.867348803216,556.236286307054
6854.857515060241,4195.097971861868,558.039656194428
6852.386370481928,4201.910908094282,559.8723858921162
6843.249638554216,4209.197222729766,561.7254416123296
6839.868072289157,4215.5089347706935,563.5355868405453
6838.95765060241,4223.4171386807975,565.340085951393
6833.2024849397585,4230.248638772155,567.1140960284529
6832.357093373494,4237.21008587612,568.9976407824541
6824.846114457831,4243.828101589623,570.819078245406
6823.512996987952,4250.093403983191,572.6145435684647
6818.603222891566,4256.962031792436,574.4755038529935
6816.132078313252,4263.68214873013,576.3500148192057
6813.01063253012,4269.836067970035,578.1296710136337
6809.791641566264,4277.5586332907005,579.9556253704801
6807.743192771083,4283.369121140144,581.7725459395376
6801.305210843374,4290.302722455692,583.5917249555423
6798.118734939759,4296.697971861869,585.4741404860699
6797.17579819277,4303.269577928011,587.2368583283936
6792.72123493976,4309.906157500458,589.1418583283936
6790.73781626506,4316.607710579207,590.9113515115589
6785.3728313253005,4322.956550338024,592.7971547125074
6783.096777108432,4328.989804494793,594.63440130409
6777.861852409638,4336.211145623973,596.441158861885
6777.2115512048185,4341.891686460808,598.3201867219917
6774.87046686747,4348.259090078569,600.0829045643153
6770.383388554216,4355.06274438151,602.0229104919975
6769.14781626506,4360.947487666728,603.7799822169532
6767.034337349397,4367.101406906633,605.6477178423237
6762.189593373493,4373.626603325416,607.4781890930645
6760.563840361445,4378.648127169743,609.3380201541198
6758.645451807228,4385.748803215787,611.1865589804386
6758.840542168674,4391.679956148365,613.0463900414939
6756.109277108434,4397.917412753518,614.8678275044458
6752.66268072289,4404.5168646080765,616.7321754593954
6751.62219879518,4410.058176502833,618.638304682869
6745.054156626506,4415.905792070163,620.4473206876112
6746.062123493975,4422.338169194228,622.3240901007706
6744.826551204819,4428.445678786772,624.117296976882
6741.965225903614,4434.191193129911,626.1160225251926
6739.494081325301,4439.667531518364,627.8301837581506
6737.705753012047,4445.431609720446,629.7329253112033
6733.966521084337,4451.381326511969,631.5814641375223
6732.8610090361435,4457.293915585603,633.5485714285714
6728.634051204818,4462.241183994154,635.347424422051
6730.747530120482,4468.218746574092,637.1937048014225
6729.121777108433,4474.7717887812905,639.0185299347955
6725.447575301205,4480.313100676047,641.0059632483699
6724.146972891566,4485.752311346611,642.7393212803793
6723.26906626506,4490.820244838298,644.6861025489032
6717.969111445783,4496.194482002558,646.5097984588025
6720.310195783132,4502.292709665632,648.4057646710137
6715.920662650602,4508.093915585602,650.3570628334321
6718.19671686747,4512.929800840491,652.1288144635447
6714.750120481926,4519.399305682442,653.9897747480735
6712.409036144578,4524.058834277363,656.0618998221695
6710.555677710844,4528.606979718619,657.7579934795494
6706.979021084338,4534.974383336379,659.7228423236514
6704.637936746987,4540.227955417505,661.6075163011262
6704.7029668674695,4545.045276813448,663.5034825133373
6701.028765060241,4549.704805408369,665.4209039715471
6701.191340361445,4556.081490955601,667.2717012448134
6698.557620481927,4561.149424447288,669.1168524007113
6695.6637801204815,4566.263767586334,671.0737966804978
6696.24905120482,4570.505609355016,672.9731505631298
6690.331310240963,4575.601388635119,674.907510373444
6690.9165813253,4581.467568061393,676.8283195020747
6690.55891566265,4586.145660515258,678.6328186129223
6686.039322289157,4591.371386807968,680.6405779490219
6686.624593373494,4596.866289055363,682.5049259039716
6684.1859638554215,4601.071003106158,684.4291227030232
6680.7068524096385,4605.210743650649,686.393971547125
6676.902590361446,4611.0676411474515,688.2300889152341
6674.138810240964,4615.142408185639,690.2322021339656
6673.390963855421,4620.061830805775,692.1078423236513
6672.805692771084,4624.990535355381,694.0772080616479
6669.619216867469,4630.355490590171,695.9302637818613
6669.749277108434,4634.3095925452235,697.8217131001778
6668.416159638555,4639.126913941167,699.9119057498518
6664.384292168675,4644.361922163348,701.6384884410196
6664.124171686746,4648.78940252147,703.7343272080617
6659.767153614458,4653.699543212133,705.5738322465916
6658.564096385541,4656.920372738901,707.5465856550089
6656.8733132530115,4662.3503014799935,709.4798162418493
6653.231626506023,4667.770948291614,711.3972377000593
6654.207078313252,4671.725050246667,713.3203052756372
6651.248207831324,4676.458834277362,715.2241760521637
6647.606521084337,4680.895596564957,717.286138114997
6647.02125,4685.118874474695,719.0691819798459
6645.493042168675,4689.94547780011,721.0769413159454
6643.184472891566,4693.481892928925,723.0225933609958
6641.2335692771085,4698.252804677509,724.8982335506817
6635.771039156626,4703.404275534443,726.9432572614107
6635.998644578313,4707.200584688471,728.8426111440426
6634.828102409638,4711.414580668738,730.7058298755186
6629.853298192771,4715.637858578477,732.8276407824541
6628.650240963855,4720.872866800659,734.6027800829875
6625.593825301205,4724.093696327427,736.7065234143449
6622.927590361445,4728.651123698156,738.5539330171903
6624.650888554216,4732.939375114198,740.5266864256075
6617.432545180723,4737.617467568062,742.4203941908713
6616.392063253013,4741.228138132652,744.4744516893895
6613.368162650601,4744.597478530971,746.3105690574986
6611.28719879518,4749.980997624703,748.3318790752816
6607.385391566264,4753.916535720812,750.2910818020155
6606.344909638554,4757.907765393753,752.184789567279
6602.573162650603,4761.601973323589,754.2117457024303
6601.175015060241,4765.8345331628,756.1133580320095
6596.167695783133,4769.463767586334,758.0206164789566
6595.257274096384,4773.640635848712,760.0340219324244
6594.867093373493,4777.121359400696,761.985320094843
6588.7217469879515,4780.759875753701,763.914033787789
6587.551204819276,4785.994883975883,765.8946917605216
6583.226701807228,4788.4174675680615,767.8211470065204
6581.113222891567,4792.371569523114,769.8187433313575
6577.89423192771,4795.740909921434,771.8208565500888
6575.553147590361,4800.548949387905,773.6919798458803
6572.886912650602,4804.011109080944,775.6353734439834
6572.366671686747,4807.974492965468,777.6883017190279
6570.903493975903,4811.306705645899,779.5695880260819
6567.1642620481925,4815.279371459894,781.5265323058684
6564.595572289157,4818.5930202813815,783.5184825133373
6559.100527108434,4821.266215969304,785.5217249555424
6555.686445783132,4824.440635848713,787.5136751630113
6554.223268072289,4828.218381143797,789.3949614700651
6550.061340361446,4831.903307144163,791.4354682868999
6544.338689759036,4836.126585053901,793.3314344991109
6543.103117469879,4838.929727754432,795.382104327208
6538.388433734938,4842.020610268592,797.2464522821576
6535.917289156627,4845.714818198429,799.2926052163605
6530.8124246987945,4849.084158596748,801.1682454060461
6527.073192771084,4851.831609720446,803.2064937759336
6525.740075301204,4855.024593458798,805.1634380557201
6523.431506024095,4858.1897314087355,807.08085951393
6521.057906626505,4862.320190023753,809.111203319502
6519.757304216867,4864.436469943359,811.0444339063425
6515.107650602409,4867.750118764846,812.9912151748666
6509.807695783132,4870.627516901152,815.0147836395969
6507.36906626506,4873.941165722639,816.9864078245406
6502.491807228916,4875.723296181254,818.9015708358032
6501.386295180722,4879.389658322676,820.9036840545346
6499.662996987951,4881.673012972777,822.9148310610551
6495.110888554216,4884.132724282843,824.8017634854772
6488.087635542168,4887.659857482186,826.8343657379964
6485.45391566265,4889.971057920702,828.8048606994665
6478.950903614457,4892.402923442354,830.8137492590397
6475.244186746988,4895.094682989221,832.7345583876704
6473.455858433735,4896.626201352093,834.6756935388263
6465.814819277109,4900.515329800841,836.6755483106105
6463.701340361446,4902.13038552896,838.7149259039716
6458.3038403614455,4904.367330531702,840.6210551274451
6452.938855421686,4907.068372008041,842.5949377593362
6451.605737951806,4909.0361410560945,844.5891464137521
6448.35423192771,4911.514416225105,846.5054386484884
6443.086792168674,4914.447505938243,848.5832098399526
6440.843253012048,4915.7284122053725,850.4949851807943
6437.916897590361,4917.594080029235,852.5535595732068
6429.853162650602,4921.121213228577,854.446138114997
6428.194894578313,4922.364991777818,856.5284262003555
6424.455662650602,4924.880394664718,858.3713189093065
6417.692530120481,4926.411913027591,860.5382987551867
6414.441024096385,4927.971277178879,862.3281179608773
6410.279096385541,4929.2521834460085,864.4454119739182
6403.678539156625,4932.20383701809,866.3154060462359
6399.939307228915,4933.63325415677,868.3954356846473
6397.890858433735,4936.464242645717,870.3557676348547
6390.900120481927,4937.540946464463,872.337554831061
6389.63203313253,4938.552676776906,874.3419264967397
6384.332078313253,4940.566855472319,876.3666241849436
6379.162183734939,4942.9337474876675,878.273882631891
6376.365888554216,4944.214653754797,880.3471369294605
6374.577560240963,4946.2288324502115,882.3018227623
6367.391731927711,4947.231280833182,884.3321665678719
6363.099743975904,4948.2244472866805,886.3308921161826
6361.311415662651,4950.442828430478,888.2765441612329
6353.4427710843365,4952.336342042757,890.288820391227
6350.126234939758,4953.691503745661,892.3824007113218
6346.061852409638,4953.645094098301,894.2693331357438
6341.76986445783,4955.167330531702,896.3200029638411
6336.079728915663,4956.030549972593,898.3695435684647
6334.519006024096,4956.4575187283035,900.2666390041494
6329.25156626506,4958.954357756259,902.4211973918199
6324.21173192771,4960.058907363422,904.3453941908713
6318.716686746988,4960.29095560022,906.3531535269708
6313.676852409638,4961.562579937878,908.365429756965
6309.31983433735,4962.490772885073,910.4127119146415
6307.498990963855,4963.391120043852,912.3030320094842
6301.158554216868,4964.384286497351,914.4361351511559
6295.305843373494,4965.702320482368,916.3953378778898
6290.948825301204,4965.85083135392,918.4358446947242
6289.843313253012,4966.593385711676,920.4063396561943
6285.356234939759,4966.964662890554,922.4457172495553
6280.446460843374,4967.716499177783,924.5325222288085
6275.92686746988,4967.837164260918,926.4036455245997
6270.8545180722895,4968.440489676595,928.5446532305867
6264.188930722891,4969.090224739632,930.4406194427979
6261.8153313253015,4969.470783847983,932.5037107291049
6257.75094879518,4970.965174492966,934.4437166567872
6250.565120481928,4970.185492417323,936.4469590989922
6247.8988855421685,4971.45711675498,938.4750444576171
6245.135105421687,4971.187940800292,940.4839330171902
6239.477484939758,4972.450283208478,942.3832868998222
6232.77938253012,4972.515256714783,944.4023384706578
6229.4303313253,4973.044326694684,946.4462329579134
6223.35001506024,4972.914379682076,948.3625251926496
6218.180120481928,4973.45273159145,950.493369887374
6214.1482530120475,4973.341348437786,952.309161232958
6209.108418674698,4972.552384432671,954.3349881446354
6205.141581325301,4973.638370180889,956.37549496147
6197.272936746987,4973.935391923992,958.3471191464137
6195.842274096385,4973.480577379866,960.3074510966211
6186.705542168675,4972.7565868810525,962.3332780082986
6183.421521084337,4973.591960533529,964.3003852993479
6178.284141566265,4973.146427918875,966.2008684054535
6176.690903614457,4972.468847067424,968.2368583283936
6170.122861445783,4972.041878311713,970.3033372851215
6163.945,4972.292490407455,972.2286633076467
6161.408825301205,4972.4874109263665,974.2454564315351
6155.100903614458,4971.605627626532,976.1978838174273
6149.280707831325,4971.345733601317,978.2146769413159
6141.37954819277,4971.030147999269,980.1953349140484
6139.623734939758,4970.092673122602,982.1161440426793
6135.104141566264,4969.767805591084,984.1442294013041
6126.422620481927,4969.229453681711,986.1181120331948
6123.398719879518,4967.994957061941,988.0581179608773
6116.993253012048,4967.994957061941,990.1257261410789
6111.9209036144575,4967.707217248311,992.0137877889745
6103.271897590361,4967.595834094648,994.0091256668643
6098.362123493976,4966.741896583228,995.9852667457025
6092.574442771083,4965.600219258177,997.9885091879075
6086.1689759036135,4965.024739630916,999.9894931831652
6079.210753012048,4963.4746574091,1001.9340160047423
6075.666611445783,4962.110213776723,1004.0016241849435
6070.561746987952,4961.868883610452,1005.9133995257855
6062.432981927711,4961.265558194776,1007.9290634262003
6054.0115813253005,4960.337365247579,1009.9029460580912
6048.158870481927,4959.05645898045,1011.8384350918791
6041.623343373494,4958.889384249956,1013.9433076467101
6034.1773945783125,4956.81951397771,1015.8291108476585
6028.9749849397585,4955.408660697972,1017.8854267931239
6024.715512048192,4954.842463000184,1019.7960729104921
6017.464653614457,4953.1160241184,1021.8196413752223
6009.303373493975,4952.651927644803,1023.8025577949022
6001.564789156626,4950.470674218894,1025.714333135744
5993.923749999999,4949.496071624339,1027.828239478364
5984.364322289156,4949.301151105428,1029.8382572614107
5976.788313253011,4947.008514525855,1031.8392412566686
5972.203689759036,4946.238114379683,1033.8289330171901
5966.058343373494,4944.363164626348,1035.8231416716062
5960.108087349397,4943.193641512882,1037.9246265560166
5952.011837349397,4941.643559291067,1039.8488233550681
5945.378765060241,4940.028503562947,1041.8949762892707
5934.323644578312,4938.979645532615,1043.8553082394783
5927.365421686746,4936.854083683538,1045.8992027267338
5922.293072289156,4935.266873743834,1047.8990574985182
5914.0342469879515,4933.8931481819845,1049.9519857735625
5905.54781626506,4931.581947743469,1052.0952519264965
5897.939292168674,4930.198940252147,1054.0725222288086
5889.517891566265,4927.804202448384,1056.08705690575
5877.714924698795,4926.161300931848,1058.1072377000592
5870.46406626506,4924.889676594191,1060.1319353882632
5865.651837349397,4922.51350264937,1062.1769590989923
5856.905286144577,4921.223314452768,1064.121481920569
5847.053222891565,4918.605810341678,1066.1800563129816
5838.956972891566,4917.315622145077,1068.2115293420272
5830.372996987951,4914.48463365613,1070.2520361588618
5818.017274096385,4912.999524940618,1072.2293064611736
5810.831445783131,4912.693221268044,1074.2596502667457
5801.727228915662,4910.270637675864,1076.2482128037936
5791.940195783132,4908.0615384615385,1078.4084173088322
5784.851912650603,4905.8524392472145,1080.3337433313575
5774.121942771084,4903.652621962362,1082.4499081209246
5764.269879518071,4901.712698702723,1084.535583876704
5757.084051204819,4898.491869175956,1086.4451007705986
5746.028930722891,4895.855801205921,1088.5827208061648
5737.087289156625,4893.915877946281,1090.558861885003
5730.356671686746,4890.398026676413,1092.6242116182573
5721.772695783133,4887.799086424266,1094.6985951393006
5711.042725903614,4885.422912479446,1096.6871576763485
5700.182695783133,4883.715037456606,1098.7796087729696
5691.273569277108,4880.781947743469,1100.773817427386
5681.454021084337,4879.02766307327,1102.8222288085358
5672.284774096385,4875.46340215604,1104.9338767042086
5660.286716867469,4873.5420427553445,1106.9608328393597
5653.393524096385,4871.555709848347,1108.9347154712507
5644.874578313253,4868.539082769963,1110.9865145228216
5632.551370481928,4865.86588708204,1113.0846117368108
5622.471701807229,4863.285510688836,1115.1635121517486
5615.903659638554,4860.111090809429,1117.1102934202727
5604.750993975904,4857.976247030879,1119.1462833432126
5598.182951807228,4854.439831902066,1121.2906787196207
5587.8106475903605,4852.425653206652,1123.3481238885595
5577.275768072289,4848.42514160424,1125.394276822762
5568.236581325301,4845.324977160608,1127.425749851808
5557.344036144578,4842.744600767404,1129.483195020747
5546.223885542168,4839.3752603690855,1131.4390100770597
5539.948478915662,4835.792435592912,1133.6105068168347
5530.974322289156,4832.469504841952,1135.6577889745108
5519.854171686747,4829.898410378221,1137.6655483106103
5507.953659638554,4827.132395395579,1139.7760669828099
5498.979503012049,4824.459199707656,1141.8007646710137
5489.842771084337,4820.922784578843,1143.9372554831061
5482.52688253012,4817.274986296365,1145.9506609365737
5470.1061295180725,4814.583226749498,1148.043112033195
5458.855918674699,4811.018965832268,1150.1310462359218
5450.336972891566,4806.70286862781,1152.1252548903378
5440.745030120483,4804.308130824045,1154.2335151155896
5432.486204819277,4800.576795176321,1156.304510966212
5420.48814759036,4797.040380047507,1158.4059958506225
5416.944006024097,4793.114123880871,1160.4160136336693
5404.003012048192,4789.494171386808,1162.5073355068168
5392.102499999999,4785.707144162252,1164.5817190278601
5383.290918674698,4782.124319386077,1166.6369057498518
5374.674427710843,4777.344125708022,1168.6977385892117
5367.553629518072,4774.178987758086,1170.7969650266746
5358.937138554216,4771.060259455509,1172.8194042679313
5344.3703915662645,4766.920518911019,1174.922018375815
5338.680256024096,4763.996711127354,1176.8496028452876
5330.844126506024,4760.098300749133,1178.988352104327
5319.106189759036,4755.596564955235,1181.1033876704207
5312.278027108434,4751.512515987576,1183.0750118553644
5300.312484939758,4747.929691211402,1185.1561707172496
5294.037078313253,4743.975589256351,1187.191031416716
5284.802801204819,4740.578403069616,1189.2947747480735
5276.674036144577,4735.631134661064,1191.3273770005928
5268.122575301204,4732.066873743835,1193.5135536455246
5257.360090361445,4727.333089713138,1195.4366212211025
5248.483478915663,4723.193349168647,1197.444380557202
5242.01298192771,4719.601242463001,1199.6825014819206
5231.54313253012,4714.802484926001,1201.7049407231773
5225.852996987952,4711.637346976065,1203.7251215174867
5215.838358433734,4706.615823131739,1205.8616123295792
5206.018810240963,4702.559619952495,1207.75757854179
5198.182680722891,4698.178549241733,1209.8511588618849
5189.2735542168675,4692.915695231135,1211.9582898636634
5181.860120481927,4689.537072903345,1214.093651452282
5174.771837349397,4684.923953955784,1216.0517249555423
5164.139412650602,4680.125196418783,1218.1238500296383
5158.384246987951,4674.97372556185,1220.1575815056312
5149.735240963855,4671.3909007856755,1222.1574362774156
5140.891144578313,4666.610707107619,1224.2668257261412
5134.062981927711,4661.644874840125,1226.360406046236
5126.747093373494,4657.458724648273,1228.4043005334916
5121.6097138554205,4652.659967111274,1230.4459365737994
5112.603042168675,4647.731262561667,1232.6174333135743
5102.198222891566,4643.396601498265,1234.4987196206284
5097.060843373494,4638.551434313905,1236.544872554831
5089.87501506024,4634.086826237895,1238.73330764671
5085.778117469879,4628.601205919971,1240.681218138708
5075.958569277108,4624.786332906999,1242.746567871962
5067.862319277107,4619.6255801205925,1244.8232098399524
5064.0580572289155,4613.9543212132285,1246.9472791938351
5054.6612048192765,4609.573250502467,1248.8601837581505
5050.4992771084335,4605.07151470857,1250.8645554238292
5043.703629518072,4599.966453498996,1252.9513604030824
5037.558283132529,4594.508678969488,1254.9692827504446
5032.225813253011,4589.5057189841045,1257.147554831061
5022.568840361445,4583.788050429381,1259.1846739774749
5018.374397590362,4579.722565320666,1261.1517812685238
5013.139472891566,4574.13484377855,1263.164057498518
5006.734006024096,4568.324355929107,1265.2463455838767
5001.6291415662645,4563.711236981547,1267.2315204505037
4993.955587349397,4557.297423716427,1269.3488144635446
4991.386897590361,4552.65645898045,1271.5236988737404
4985.566701807228,4547.300785675134,1273.4648340248962
4980.819503012048,4540.998355563677,1275.4838855957319
4975.974759036144,4535.633400328888,1277.5673029045643
4971.3901355421685,4528.94112917961,1279.6236188500295
4967.228207831326,4523.984578841587,1281.5579786603437
4961.798192771084,4519.046592362507,1283.656075874333
4955.457756024096,4512.725598392108,1285.82192649674
4953.474337349397,4507.397770875206,1287.8963100177832
4945.540662650602,4500.696217796455,1289.8611588618849
4944.305090361446,4495.331262561667,1291.9536099585061
4941.053584337349,4490.198355563677,1293.9749199762894
4932.30703313253,4484.6756075278645,1295.955577949022
4931.201521084337,4478.6052256532075,1298.1936988737402
4923.007725903614,4471.959364151288,1300.2025874333135
4919.333524096386,4467.383372921616,1302.183245406046
4917.317590361446,4462.064827334187,1304.3039270895079
4912.732966867469,4455.056970582862,1306.3681475992887
4910.6845180722885,4449.39499360497,1308.4865708358031
4905.6446837349395,4441.8395030148,1310.380278601067
4904.116475903614,4436.205371825325,1312.490797273266
4899.5643674698795,4429.847250137037,1314.5200118553644
4894.492018072289,4424.008916499179,1316.471310017783
4895.369924698795,4417.613667093003,1318.7534706579727
4886.75343373494,4411.13488032158,1320.7284825133372
4885.355286144579,4405.714233509959,1322.6944605809128
4884.41234939759,4398.956988854377,1324.7677148784824
4877.746762048193,4392.376100858763,1326.850002963841
4877.974367469879,4386.277873195689,1328.9232572614108
4874.202620481928,4380.569486570438,1330.9152074688798
4871.0486596385535,4374.007162433766,1333.033630705394
4866.171400602409,4366.841512881419,1335.159958506224
4865.163433734939,4359.694427188015,1337.08867219917
4864.025406626506,4354.310908094282,1339.1958032009484
4862.009472891566,4347.655764662892,1341.287125074096
4860.773900602409,4340.564370546319,1343.2079342027268
4856.546942771084,4333.556513794994,1345.371526378186
4852.645135542168,4326.483683537366,1347.3555720213396
4850.336566265059,4321.100164443633,1349.3960788381742
4844.6139156626505,4313.145550886169,1351.4772377000593
4844.6139156626505,4307.25152567148,1353.4296650859515
4841.297379518072,4299.371167549791,1355.4814641375222
4838.436054216868,4293.059455508862,1357.5773029045645
4838.761204819277,4286.051598757538,1359.5850622406638
4836.192515060241,4278.728156404167,1361.6967101363364
4837.20048192771,4271.887374383337,1363.7823858921163
4832.420768072289,4265.352896035082,1365.768689982217
4830.795015060241,4258.836981545771,1367.8058091286307
4827.153328313253,4251.179389731409,1369.7661410788382
4832.355737951807,4245.489566965102,1371.9082780082986
4827.966204819278,4238.936524757903,1373.913778897451
4822.406129518072,4230.406431573178,1375.8808861885002
4823.5766716867465,4222.925196418783,1377.792661529342
4821.885888554216,4215.434679334918,1379.9675459395376
4821.788343373493,4209.187940800293,1382.0825815056312
4820.7803765060235,4202.467823862599,1383.9830646117368
4821.398162650602,4194.7545404714065,1386.086807943094
4818.731927710843,4188.2200621231505,1388.2007142857142
4815.252816265061,4181.045130641331,1390.0763544754
4819.089593373494,4173.3782568974975,1392.1597717842324
4824.292003012049,4166.407527864061,1394.254481327801
4813.399457831325,4157.385492417322,1396.0951155898044
4816.520903614457,4151.667823862599,1398.1322347362182
4809.952861445783,4144.028795907181,1400.2382365145227
4809.8228012048185,4135.740032888728,1402.334075281565
4812.163885542169,4129.753188379317,1404.3068286899822
4809.042439759035,4121.909957975517,1406.245705394191
4810.505617469879,4113.9182167001645,1408.3133135743924
4812.033825301204,4106.112114014252,1410.3289774748073
4814.3749096385545,4099.224922346063,1412.4417545939536
4809.074954819276,4091.4188196601503,1414.2586751630113
4805.270692771084,4083.659126621598,1416.2528838174273
4808.424653614457,4076.4656312808333,1418.3001659751037
4804.067635542168,4069.532029965285,1420.2932454060463
4803.644939759036,4061.8280285035635,1422.2998755186723
4800.686069277108,4052.7410195505213,1424.30085951393
4810.993343373493,4046.484999086425,1426.394439834025
4809.465135542168,4039.5328339119314,1428.355901007706
4806.311174698795,4030.640745477801,1430.311716064019
4808.001957831325,4023.549351361229,1432.3239922940131
4801.954156626505,4016.030988488946,1434.4074096028453
4808.16453313253,4008.521907546136,1436.2130379371665
4811.513584337349,4000.2981180339852,1438.2332187314757
4810.147951807228,3991.7123332724295,1440.3245406046237
4818.471807228915,3985.818308057738,1442.2860017783046
4804.913027108433,3977.0932943541025,1444.3502222880852
4808.066987951807,3970.744454595287,1446.5951185536458
4806.798900602409,3962.7063036725754,1448.5272199170124
4811.351009036145,3955.9861867348804,1450.5112655601658
4809.692740963855,3946.2308788598584,1452.5709691760521
4811.643644578313,3938.758925634935,1454.5787285121517
4817.236234939759,3932.679261830807,1456.6135892116183
4807.15656626506,3924.0749132103056,1458.4463189093065
4809.367590361446,3916.0274803581224,1460.543286899822
4815.285331325301,3908.7875753699986,1462.771244813278
4811.416039156626,3900.535940069432,1464.640109662122
4815.642996987952,3892.5534807235526,1466.5530142264374
4824.324518072289,3884.663840672393,1468.6669205690575
4817.106174698795,3877.358962177965,1470.5696621221102
4821.528222891566,3870.369669285584,1472.5853260225251
4814.342394578313,3860.447286680067,1474.374016004742
4814.927665662651,3852.910359948841,1476.36257854179
4820.390195783132,3844.4730860588347,1478.336461173681
4819.28468373494,3837.2053352822954,1480.435687611144
4819.64234939759,3829.946866435228,1482.313586247777
4821.398162650602,3822.5027589987217,1484.3303793716657
4824.096912650602,3813.629234423535,1486.2082780082987
4828.323870481928,3804.969194226202,1488.1561885002964
4830.274774096385,3797.1909373287053,1490.1131327800829
4825.982786144577,3788.976429746026,1492.1095998814462
4822.893855421687,3779.991522017176,1493.7605245998816
4831.80298192771,3774.385236616116,1495.4261292234735
4839.639111445783,3766.996820756441,1497.26450503853
4835.50969879518,3757.8912479444552,1498.9143005334913
4839.7366566265055,3748.627882331446,1500.5674836988737
4842.8906174698795,3741.9356111821676,1502.5097480735033
4836.745271084337,3733.813922894208,1504.000323058684
4841.915165662651,3726.1377672209032,1505.6625400118553
4843.540918674698,3717.7561849077297,1507.0785862477771
4844.126189759036,3708.4278457884166,1508.7408032009484
4845.556852409639,3700.6310250319757,1510.298002371073
4840.191867469879,3693.242609172301,1511.829229401304
4846.109608433735,3686.420391010415,1513.238500296384
4849.523689759036,3677.0549241732147,1514.5788885595732
4840.744623493975,3668.070016444364,1516.1981950207469
4853.197891566265,3661.238516353006,1517.3217723770006
4851.5721385542165,3653.135391923991,1518.5842442205098
4848.905903614457,3643.8720263109817,1520.0420717249556
4855.278855421686,3637.5974419879412,1520.9251244813277
4858.725451807229,3628.9095560021933,1522.2519620628334
4851.2144728915655,3620.889968938425,1523.584445761707
4856.156762048192,3613.1488397588164,1524.3828067575578
4857.424849397589,3605.3427370729037,1525.4047540011854
4858.237725903615,3595.949424447287,1526.526072910492
4860.383719879517,3588.6909556002197,1527.278135743924
4857.09969879518,3581.1169011511056,1528.331701244813
4861.6518072289155,3573.0044947926185,1528.9674540604622
4862.367138554217,3565.439722272977,1529.7850118553647
4867.8946987951795,3556.7796820756444,1530.6895198577356
4863.375105421686,3549.530495158049,1531.3105927682275
4864.122951807229,3542.234898593094,1531.9440871369295
4867.472003012048,3533.3892198063227,1532.6746947243628
4866.496551204819,3524.8219989037098,1533.273183165382
4869.19530120482,3517.3036360314277,1533.5803319502074
4866.984277108433,3508.9498995066697,1534.2409276822764
4873.422259036144,3502.007016261649,1534.563885595732
4868.90266566265,3493.79250867897,1535.125109662122
4872.381777108433,3486.032815640417,1535.101395969176
4873.779924698795,3477.1964187831177,1535.5576022525192
4878.00688253012,3470.355636762288,1535.6039004149377
4876.64125,3461.797697789147,1536.0454267931239
4877.063945783132,3454.4000000000005,1535.8195820983995
4881.453478915662,3446.5103599488402,1535.916695317131
4886.883493975904,3438.230878859858,1535.7958684054533
4883.469412650602,3430.926000365431,1535.9121784232364
4887.273674698795,3422.163858943907,1535.9652519264964
4888.44421686747,3414.47842134113,1535.6671369294606
4887.598825301205,3406.050429380596,1535.5113040901006
4885.355286144579,3398.5877580851457,1535.268521043272
4885.582891566264,3390.7166818929295,1535.0844576170716
4894.979743975903,3383.254010597479,1534.572919383521
4893.256445783131,3374.9930933674405,1534.256736810907
4894.5245331325295,3366.713612278458,1533.5780735032602
4896.995677710843,3358.935355380962,1533.0597599288678
4897.093222891566,3351.8625251233334,1532.4962774155304
4898.751490963855,3343.8058103416784,1531.8221310017782
4898.23125,3336.3988306230594,1531.3376941315946
4907.563072289156,3328.0079663804136,1530.4659336099585
4901.1250903614455,3320.7587794628184,1529.840343805572
4905.449593373493,3312.7484743285227,1528.693052756372
4906.782710843373,3305.1929837383527,1527.7783817427385
4905.612168674698,3297.470418417687,1526.8851659751037
4909.644036144578,3288.828942079299,1525.7875607587432
4906.782710843373,3282.480102320483,1525.020818020154
4916.016987951807,3274.4326694682995,1523.769638411381
4913.74093373494,3266.413082404532,1522.387468879668
4914.228659638554,3259.0989219806324,1521.25937462952
4915.691837349397,3252.174602594556,1519.9076941315943
4917.80531626506,3243.709482916134,1518.6678067575576
4919.333524096386,3237.694792618309,1516.9965560165972
4921.609578313253,3229.7865887082044,1515.5974481327803
4923.755572289157,3222.231098118035,1514.1588174273857
4929.315647590362,3214.471405079482,1512.563224659158
4926.877018072289,3207.203654302942,1510.9777949021932
4929.1205572289155,3199.5274986296367,1509.1416775340842
4928.860436746987,3193.2436323771244,1507.3552459988143
4930.941400602409,3184.063804129363,1505.5789774748073
4933.8352409638555,3177.250867896949,1503.7846413752222
4934.127876506024,3170.484341311895,1501.9281979845882
4933.315,3162.38121688288,1500.0017427385892
4937.086746987951,3155.1505938242285,1497.9307468879667
4937.672018072289,3147.5394116572265,1495.9952578541788
4941.508795180723,3140.512991046958,1493.6758328393598
4941.021069277108,3132.623350995798,1491.4975607587435
4941.801430722891,3124.4552530604797,1489.2684736218139
4943.329638554216,3118.2734880321586,1486.8925874333133
4946.776234939759,3110.5045130641333,1484.5155720213397
4947.979292168675,3103.7379864790796,1482.0708032009484
4951.295828313253,3096.4516718435966,1479.731052163604
4959.1969879518065,3089.527352457519,1477.2083669235328
4958.091475903614,3082.278165539924,1474.5580794309426
4959.099442771084,3074.5463182897865,1471.8558476585656
4959.229503012048,3067.538461538462,1469.1795880260818
4961.147891566265,3060.8554723186558,1466.3192649673979
4963.65155120482,3053.067933491687,1463.4566834617663
4965.765030120481,3046.6541202265676,1460.594101956135
4968.171144578313,3039.943285218345,1457.6897391819798
4973.503614457832,3032.4898958523668,1454.8260284528749
4971.162530120481,3025.1478896400517,1451.7105008891522
4976.4299698795185,3017.972958158232,1448.5509336099587
4978.738539156627,3011.020792983739,1445.4218553645526
4979.616445783132,3004.5234423533716,1442.3198784825133
4987.745210843373,2997.4691759546868,1439.170474214582
4987.257484939759,2989.124721359401,1435.7353764078243
4986.1519728915655,2983.769048054084,1432.5069264967397
4991.0292319277105,2976.6405262196245,1429.027788974511
4993.923072289156,2969.298520007309,1425.713518079431
4995.678885542168,2962.5041476338392,1422.1429134558384
4999.77578313253,2955.1157317741645,1418.6626467101362
5000.361054216867,2949.258834277362,1415.1891553052756
5005.205798192771,2941.4805773798653,1411.506757557795
5009.660361445783,2935.141019550521,1407.8638826318909
5008.132153614457,2928.3188013886356,1404.2300414937758
5007.87203313253,2922.4897496802487,1400.583778897451
5014.570135542169,2914.6186734880325,1396.5919739181977
5019.935120481927,2907.6572263840676,1392.9660373443985
5019.187274096385,2901.1877215421164,1389.0724748073503
5020.715481927711,2895.1823131737624,1385.1721369294605
5026.925858433735,2887.6175406541206,1381.250343805572
5028.324006024096,2880.96239722273,1377.338713692946
5032.225813253011,2874.4650465923633,1373.3390041493774
5034.209231927711,2868.1811803398505,1369.3121932424422
5038.046009036144,2861.4889091905725,1365.2266627148783
5038.24109939759,2854.638845240271,1361.176138114997
5042.110391566264,2848.4106705645904,1357.081573799644
5047.507891566264,2841.6255801205925,1352.8944131594546
5047.377831325301,2835.6665813995983,1348.6677296976884
5051.474728915662,2828.7515439429935,1344.6059128630704
5055.994322289157,2822.411986113649,1340.2832454060463
5060.156249999999,2815.469102868628,1336.1615797273266
5063.245180722891,2810.5032706011334,1331.6074214582097
5068.805256024096,2803.8017175223827,1327.369445761707
5068.4150753012045,2796.5154028868997,1323.1111440426794
5073.97515060241,2790.509994518546,1318.7297569650266
5076.641385542169,2784.96868262379,1314.4793598103142
5077.681867469879,2778.6105609355022,1309.9105216360401
5083.859728915662,2771.398501735794,1305.4704149377592
5087.956626506024,2764.613411291796,1301.1149999999998
5087.208780120482,2758.9607162433767,1296.58794309425
5092.963945783132,2753.8556550338026,1292.2697925311204
5098.621566265059,2745.873195687923,1287.7687077652636
5098.589051204819,2739.8306596016814,1283.2653645524601
5108.278539156626,2733.7417138680803,1278.6931387077652
5108.0509337349395,2728.673780376394,1274.1514018968583
5114.196280120482,2722.1021743102506,1269.7327504445761
5118.618328313252,2715.8275899872106,1265.1006757557793
5119.203599397591,2708.689786223278,1260.5928156490813
5124.568584337349,2704.5871733966746,1255.9539656194427
5130.161174698795,2698.266179426275,1251.414487255483
5134.062981927711,2692.0287228211223,1246.7248221695315
5138.550060240964,2686.4224374200626,1242.140174866627
5140.956174698796,2680.0921615201905,1237.5464937759334
5147.329126506023,2675.182020829527,1232.7856876111439
5151.751174698796,2669.510761922164,1228.040690574985
5155.132740963855,2663.1155125159876,1223.331828689982
5163.976837349397,2657.6484560570075,1218.737018375815
5163.619171686747,2651.4481271697427,1213.941206283343
5171.422786144578,2645.1178512698702,1209.1002252519263
5173.82890060241,2641.4793349168654,1204.4997688203912
5181.144789156627,2634.8798830623064,1199.7175074096028
5181.990180722892,2629.5613374748773,1195.0436514522821
5189.533674698794,2623.6116206833553,1190.2105749851808
5196.069201807229,2618.9335282294905,1185.4260551274451
5198.572861445782,2613.1601680979356,1180.7104179016003
5206.604081325301,2609.428832450211,1176.0647925311202
5210.798524096384,2602.281746756807,1171.1944516893893
5216.5536897590355,2597.770729033438,1166.5623770005927
5218.927289156626,2592.294390644985,1161.7733402489625
5225.397786144578,2586.873743833364,1156.9933372851217
5231.120436746988,2583.485839576101,1152.3838470657972
5240.322198795181,2576.3387538826973,1147.4468820391226
5242.500707831325,2572.245422985566,1142.5934795494961
5250.466897590361,2566.9732870454964,1137.8744546532307
5256.287093373494,2561.7754065412028,1133.012018375815
5263.765557228915,2557.013776722091,1128.3663930053349
5270.8213253012045,2552.122199890371,1123.385388263189
5275.015768072289,2547.9638954869365,1118.5839300533491
5281.486265060241,2542.144125708021,1113.7971517486662
5287.1438855421675,2537.549570619405,1108.922294013041
5298.686731927712,2532.8993239539564,1104.2235951393006
5303.498960843373,2529.205116024119,1099.435687611144
5314.033840361445,2525.0282477617397,1094.508885595732
5319.23625,2519.338424995433,1089.7819561351512
5326.292018072289,2515.8020098666184,1084.921778304683
5333.217725903614,2511.0125342590904,1080.0311114404267
5339.363072289156,2506.993458797735,1075.2240071132187
5345.378358433734,2500.3754430842323,1070.2802667457024
5355.653117469879,2498.630440343505,1065.5567249555422
5362.253674698794,2494.008039466472,1060.538455838767
5372.170768072288,2489.682660332542,1055.7832957913456
5377.795873493976,2485.561483646995,1050.9818375815055
5385.827093373493,2481.6630732687745,1046.0527771191464
5393.760768072289,2478.6464461903897,1041.2693864848843
5404.26313253012,2473.6620500639506,1036.3787196206283
5411.709081325301,2470.0885072172487,1031.6484024896267
5419.3176054216865,2467.9350995797554,1026.675302311796
5430.015060240963,2463.7675132468485,1021.7360788381743
5438.371430722891,2460.8065777452957,1016.9888233550682
5443.898990963855,2455.9521286314643,1012.0371784232366
5453.133268072289,2454.1143065960173,1007.0798873740366
5460.1890361445785,2451.1069614471044,1002.2852045050386
5466.65953313253,2447.097167915221,997.130299347955
5473.650271084337,2444.5632011693774,992.3898192056905
5482.7870030120475,2440.5626895669657,987.4325281564907
5489.972831325301,2437.861648090627,982.5136307053941
5498.134111445783,2436.0145441257087,977.697492590397
5508.896596385542,2432.1996711127354,972.7187462951985
5515.757274096385,2429.972008039467,967.7151570835804
5525.641852409639,2427.3173762104884,962.813197984588
5532.3399548192765,2424.393568426823,957.8288055720215
5541.151536144578,2422.2958523661614,952.8387670420864
5546.516521084337,2419.4370180888,947.8588915234144
5557.116430722891,2416.8659236250687,942.9072465915826
5565.407771084337,2414.9074365064866,937.9273710729105
5576.430376506023,2412.7911565868812,932.9655631298162
5584.494111445783,2410.3221633473418,927.8908328393597
5594.313659638554,2408.9205919970773,922.9753230586841
5601.629548192771,2407.03636031427,917.8915589804386
5611.026400602409,2404.4002923442354,912.8371547125074
5617.984623493976,2403.555636762288,907.8877682276229
5625.983328313253,2401.6714050794817,902.7385091879074
5639.542108433735,2400.780339850174,897.6050592768227
5643.086249999999,2399.6850721724836,892.5619472436279
5654.889216867469,2398.7104695779285,887.4702786010671
5663.895888554217,2396.77054631829,882.4723355068166
5668.350451807229,2396.046555819478,877.329851807943
5680.185933734939,2395.9166088068705,872.3115826911678
5690.200572289156,2394.412936232414,867.1792620035566
5699.369819277108,2393.7075095925456,862.0085477178424
5706.360557228915,2393.9117120409287,856.9315589804386
5716.537771084337,2391.9625068518185,851.7393894487255
5726.162228915662,2391.470564589805,846.6838559573207
5733.965843373494,2392.2131189475613,841.4849110847658
5747.394563253011,2391.776868262379,836.3356520450504
5754.77548192771,2391.9160972044588,831.2213989330172
5763.749638554216,2391.5541019550524,826.0427800829875
5773.796792168674,2392.602959985383,820.9804712507408
5780.429864457831,2392.3430659601686,815.6008506224067
5794.281280120482,2393.1784396126445,810.4854682868997
5801.564653614458,2393.596126438882,805.3621813870777
5808.6529367469875,2394.1623241366715,800.049184943687
5822.927048192771,2395.0069797186193,794.8841167753409
5835.2502560240955,2396.6034715877954,789.7032394783639
5841.785783132529,2397.401717522383,784.5438174273859
5853.068509036145,2397.995761008588,779.2759899229401
5859.116310240964,2399.230257628358,773.9449259039716
5871.276942771084,2400.4740361776,768.6985536455246
5884.738177710843,2402.2840124246304,763.4826704208655
5888.087228915662,2403.620610268592,758.2577534084172
5902.133734939758,2404.929362324137,752.9910551274452
5913.709096385542,2407.3519459163167,747.6272436277416
5920.439713855421,2409.0041293623244,742.5107320687612
5933.348192771084,2411.3988671660886,737.1469205690576
5942.419894578313,2413.106742188928,731.8779638411381
5953.767650602409,2414.5361593276084,726.6451422643746
5963.814804216868,2416.856641695597,721.2542294013041
5977.536159638554,2420.123880869725,716.1286840545347
5984.852048192771,2421.8224739630923,710.7569679905157
5995.451957831325,2425.006175771972,705.5467308832247
6008.327921686747,2426.936817102138,700.0699970361588
6019.5781325301205,2429.610012790061,694.8733106105512
6029.267620481927,2433.202119495707,689.6156461173681
6041.428253012047,2437.7873926548514,684.2428008298756
6050.695045180722,2439.8201352092096,678.9467427385891
6062.237891566265,2443.2637310433042,673.6721398933017
6074.626129518072,2445.1386807966387,668.2439626556018
6086.331551204819,2450.345843230404,662.9930735032602
6096.898945783132,2453.186113648822,657.6326496739774
6104.214834337349,2457.827078384799,652.3625637225844
6122.098117469879,2460.880833181071,647.0529549496148
6130.55203313253,2464.4079663804137,641.6778512151749
6142.062364457831,2468.807600950119,636.3298488441019
6152.857364457831,2472.427553444181,631.0428245406046
6164.692846385542,2477.801790608442,625.6993390634261
6176.820963855422,2481.2917960898963,620.4394161232957
6183.454036144578,2486.610341677326,615.0259187907527
6199.614021084337,2491.24202448383,609.67791641968
6210.213930722891,2497.015384615385,604.3739537640782
6223.024864457831,2499.734989950667,598.967231772377
6232.616807228916,2505.2298921980637,593.7682868998222
6244.744924698795,2510.056495523479,588.2576763485478
6258.693885542169,2516.275388269688,583.0033995257855
6266.269894578312,2520.999890370912,577.71072910492
6278.040346385542,2525.427370729034,572.3469176052164
6289.940858433734,2532.7600950118767,567.0531179608773
6303.044427710843,2537.4474693952134,561.6836603438056
6309.6775,2543.926256166637,556.2803260225252
6326.942996987952,2548.1866617942633,550.980880260818
6338.225722891566,2553.8764845605706,545.6882098399526
6350.353840361445,2559.946866435228,540.3221398933017
6358.58015060241,2566.7133930202817,534.9718790752815
6373.602108433734,2572.3196784213415,529.7085684647302
6384.071957831325,2579.141896583227,524.3266893894487
6397.143012048193,2585.017357938974,519.0419235328986
6404.5564457831315,2591.904549607163,513.6668197984587
6418.8305572289155,2597.575808514526,508.32672199170116
6432.681972891566,2605.409756988855,503.14584469472436
6443.639548192771,2612.0277727023577,497.65443094250145
6452.093463855421,2618.701479992692,492.3764404267931
6465.587213855421,2625.3009318472505,487.1650740960285
6473.781009036144,2632.0303307144163,481.8012625963248
6491.111536144578,2639.0660332541574,476.47697391819804
6497.582033132529,2646.231682806505,471.2080171902786
6513.709503012047,2653.2673853462456,465.7369294605809
6523.3339608433735,2661.0456422437423,460.5413722584469
6539.916641566265,2668.4433400328894,455.28257854179014
6546.84234939759,2675.9709848346433,449.94135151155893
6558.775376506023,2683.6471405079483,444.5730231179609
6571.066069277108,2691.3975516170294,439.4565115589804
6583.8444879518065,2699.027297642975,434.0678571428571
6595.062183734939,2707.037602777271,428.8056757557795
6604.751671686746,2716.235994883976,423.5107468879668
6619.773629518071,2723.3088251416048,418.3242234736218
6629.690722891565,2732.321578658871,412.8599110847659
6642.7942921686745,2740.693879042573,407.7185566093657
6651.670903614458,2748.6856203179245,402.3762003556609
6665.717409638554,2756.593824228029,397.17273858921163
6675.439412650602,2766.163493513613,391.84732068761116
6686.884713855422,2774.600767403618,386.5614256075874
6698.882771084336,2783.35362689567,381.2981149970362
6708.279623493976,2791.920847798283,376.14208061647895
6721.675828313253,2800.896473597662,370.82682572614107
6728.99171686747,2809.8349716791527,365.53641375222287
6744.078704819276,2819.033363785858,360.30810906935386
6754.028313253011,2827.9904257262933,355.1735299347955
6764.595707831325,2837.0681527498637,349.85488737403676
6776.008493975903,2846.9348437785497,344.5859306461174
6788.494277108433,2857.506961447105,339.409570243035
6800.654909638554,2865.4244472866803,334.1519057498518
6806.052409638553,2875.393239539558,328.88972436277413
6819.253524096384,2885.3805956513797,323.65351511558976
6830.633795180723,2895.3401059747857,318.5336158861885
6839.31531626506,2905.1325415676965,313.21497332542975
6851.606009036143,2914.3587794628183,307.9652133965619
6860.222499999999,2924.2440343504486,302.820471250741
6875.342003012048,2933.767293988672,297.5763574392413
6882.560346385541,2945.091247944455,292.36386188500296
6892.574984939759,2954.5031244290158,287.0915174866627
6906.198795180723,2963.6179791704735,281.8812803793716
6913.157018072288,2974.227224556916,276.71282454060463
6926.68328313253,2984.5487301297285,271.47435684647303
6935.852530120481,2995.315768317194,266.2799288678127
6945.672078313253,3005.5444545952864,261.1227652637819
6957.1824096385535,3015.2811986113657,255.93624184943687
6966.676807228915,3026.4009501187656,250.64470065204503
6976.8215060240955,3036.443997807419,245.47850326022524
6984.885240963856,3048.324867531519,240.27052459988147
6993.599277108433,3059.1661611547606,235.21047421458206
7003.418825301204,3069.9981728485295,229.99572021339657
7013.238373493975,3080.319678421342,224.78774155305274
7024.098403614457,3091.7178878129002,219.5470154119739
7030.894051204818,3102.1414946099035,214.37855957320687
7042.339352409638,3113.613959437238,209.2405927682276
7050.533147590361,3123.8240818563863,204.0845583876704
7061.62078313253,3136.2154577014444,198.90368109069354
7070.497394578312,3146.5462452037277,193.7510343805572
7075.894894578313,3158.241476338389,188.55773562537047
7086.884984939758,3169.240562762653,183.42315649081206
7095.5990210843365,3180.462415494245,178.31116182572612
7104.508147590361,3191.721395943724,173.20368405453468
7113.384759036145,3203.323807783666,168.0645880260818
7125.480361445782,3212.5407637493154,162.9390426793124
7134.487033132529,3225.015676959621,157.83946947243626
7144.6317319277105,3236.014763383885,152.710536455246
7149.5089909638555,3247.6543029417144,147.67081209247183
7160.694171686746,3260.41695596565,142.64576763485476
7166.286762048193,3270.357902430112,137.44004742145822
7174.935768072288,3282.8049698520012,132.33144042679314
7182.836927710843,3294.741531152933,127.4385151155898
7191.355873493975,3306.1583044034355,122.24860403082394
7197.923915662651,3317.640051160242,117.17726141078838
7203.581536144578,3329.5951763201174,112.10591879075282
7211.125030120481,3341.893732870455,107.08764967397747
7222.147635542167,3353.3940434862056,102.12132483698873
7227.805256024097,3365.7297277544317,97.2430794309425
7232.454909638554,3378.1675132468486,92.195450503853
7240.030918674698,3389.1201900237534,87.12862477771192
7249.070105421686,3400.8618308057744,82.30232365145228
7257.003780120481,3413.039722272977,77.50764078245408
7264.9699698795175,3425.17120409282,72.62600770598695
7272.676039156626,3437.0149460990324,67.68678423236514
7277.715873493975,3448.311054266399,62.887584469472436
7284.153855421686,3461.3243193860776,58.12677830468287
7292.282620481927,3472.8803215786597,53.397590397154715
7298.362936746988,3485.2067239174135,48.700020746887965
7310.360993975903,3487.0631098118038,47.9829638411381
7317.384246987951,3491.388488945734,50.51355364552459
7318.749879518072,3493.421231500092,52.0515560165975
7325.187861445783,3491.2771057920704,53.85040901007706
7331.983509036144,3491.1935684268233,55.80622406639004
7336.177951807228,3490.98936597844,57.57797569650266
7342.745993975903,3489.6156404165913,59.3813455838767
7347.200557228915,3490.590243011146,61.1564848844102
7351.134879518072,3489.959071807053,63.04680497925312
7355.524412650601,3489.7363054997268,64.75870776526378
7361.572213855422,3489.309336744017,66.70210136336692
7365.408990963854,3489.012315000914,68.44562240663899
7373.147575301204,3488.770984834643,70.37320687611144
7375.391114457831,3487.7592545222005,71.98009187907529
7380.593524096385,3487.620025580121,73.90315945465322
7382.44688253012,3487.573615932761,75.60602845287491
7388.819834337349,3488.019148547415,77.40036455245999
7391.843734939759,3486.8496254339493,79.12581802015411
7397.924051204819,3487.0259820939164,80.78577652637819
7402.931370481927,3486.162762653025,82.43218435091877
7405.37,3486.431938607711,83.98486662714878
7406.833177710842,3485.7265119678423,85.46189093064612
7411.222710843373,3485.336670930021,87.03941612329578
7410.7675,3485.280979353189,88.33124777711915
7417.660692771084,3484.770473232232,89.7777830468287
7419.058840361446,3484.519861136489,91.1757617071725
7420.261897590361,3483.5823862598218,92.28578838174273
7424.553885542168,3483.4245934587984,93.54487255483106
7425.009096385542,3482.570655947379,94.76330468286899
7426.569819277108,3482.2365064863884,95.71749851807942
7429.301084337349,3482.654193312626,96.74283343212802
7433.820677710843,3482.106559473781,97.77946058091285
7437.332304216867,3480.8813447834827,98.64557498518079
7438.405301204819,3480.3244290151656,99.39763781861292
7438.047635542169,3480.3429928741098,100.14518375815057
7439.77093373494,3480.2130458615025,100.80916716064017
7440.876445783132,3479.7489493879048,101.50025192649674
7447.932213855422,3477.7997441987945,102.00614404267931
7450.175753012048,3477.9018454229863,102.37427089508002
7450.988629518071,3476.8158596747676,102.76385299347955
7451.8990512048185,3476.555965649553,103.04841730883224
7451.703960843373,3475.6556184907736,103.26071132187315
7452.744442771083,3475.4514160423905,103.35782454060462
7452.029111445783,3475.3121871003113,103.3725044457617
7453.232168674698,3474.7923990498816,103.32846473029045
7453.914984939759,3474.6346062488587,103.20537937166569
7453.882469879518,3474.2169194226203,102.9637255483106
7455.475707831325,3473.771386807967,102.67916123295791
7455.118042168675,3473.613594006944,102.25005631298163
7455.8984036144575,3472.8524757902437,101.81643449911084
7454.207620481927,3472.9731408733787,101.22472139893301
7452.516837349397,3472.778220354468,100.48395080023711
7452.972048192771,3472.017102137768,99.74543864848845
7454.012530120481,3471.7850539009687,99.03741553052755
7453.687379518072,3471.4230586515628,98.09112625963247
7450.826054216867,3471.4787502283943,97.00594250148191
7448.58251506024,3471.0796272611005,95.83042086544161
7446.989277108433,3471.571569523114,94.77685536455246
7444.84328313253,3471.163164626349,93.34951689389449
7440.973990963854,3470.996089895853,92.02606698280972
7441.624292168674,3470.6526585053907,90.508390634262
7436.5844578313245,3471.3580851452593,88.96248369887374
7435.934156626507,3470.8475790243015,87.20202430349732
7433.658102409639,3471.6922346062497,85.59175163011261
7431.707198795181,3471.033217613741,83.48010373443984
7434.080798192771,3469.817284852915,81.72529045643154
7430.764262048193,3469.3067787319574,79.59783343212804
7428.000481927711,3469.6780559108356,77.44327504445762
7425.171671686746,3469.752311346611,75.21192946058092
7421.4649548192765,3469.5573908277,72.90944279786603
7419.1889006024085,3470.1143065960173,70.34384706579726
7414.961942771085,3469.845130641331,67.7985773562537
7412.620858433735,3470.383482550704,65.23298162418494
7408.621506024096,3470.2813813265125,62.562368109069354
7402.801310240964,3470.9032706011335,59.617353289863665
7405.467545180723,3471.766490042025,56.83268820391227
7441.429201807227,3475.3585967476706,56.00045050385298
7500.964277108433,3477.864717705098,55.65152045050385
7550.192078313253,3481.3825689749688,55.020284528749244
7603.549292168675,3484.8261648090634,54.43986366330764
7657.491777108433,3487.684999086425,53.46873147599288
7704.28094879518,3490.9336744016086,52.468239478363955
7745.640105421688,3492.251708386626,51.82684054534676
7759.003795180723,3493.3933857116763,52.82281564908121
7763.588418674699,3493.439795359036,53.48679905157083
7771.71718373494,3494.1080942810163,54.2772554831061
7776.78953313253,3495.5375114196972,54.905103734439834
7782.772304216867,3496.6699068152757,55.54989033787788
7790.153222891567,3497.6537913393026,55.95641078838173
7796.591204819277,3498.0807600950125,56.26355957320688
7803.744518072289,3499.0089530422074,56.44762299940723
7811.645677710843,3500.1042207198984,56.51537640782454
7820.29468373494,3501.1902064681167,56.534573206876104
7825.854759036144,3502.081271697424,56.416004742145816
7832.292740963855,3503.306486387722,56.20371072910492
7839.771204819276,3504.8380047505943,55.83219620628334
7847.737394578313,3505.905426639869,55.44035566093656
7861.881445783132,3505.1164626347527,55.081262596324834
7869.945180722891,3506.9821304586158,54.402599288678125
7876.805858433734,3508.4301114562404,53.72506520450503
7882.105813253012,3509.738863511786,52.91428275044458
7892.803268072289,3512.4863146354837,52.10914641375222
7910.979186746988,3517.3036360314277,51.571636040308235
7922.717123493976,3520.264571532981,50.754078245406035
7944.599759036145,3522.0374200621236,50.14655601659751
7964.564006024096,3522.742846701992,49.646310017783044
7972.335105421686,3521.424812716975,49.57968583283936
7981.081656626506,3520.8400511602417,49.59549496147006
7986.154006024096,3520.013959437238,49.55710136336692
7993.404864457831,3520.580157135027,49.513061647895675
7998.932424698794,3521.192764480176,49.51757854179016
8005.695557228914,3521.16491869176,49.57629816241849
8008.296762048193,3521.21132833912,49.61356253704801
