Frame,Time,X (cm),Y (cm),Z (cm)
477.0,1.58667,30.137999999999998,20.3619,4.4757
478.0,1.59,30.1433,20.3618,4.4876
479.0,1.59333,30.145100000000003,20.3614,4.5004
480.0,1.59667,30.149099999999997,20.360599999999998,4.5154000000000005
481.0,1.6,30.153100000000002,20.3572,4.5389
482.0,1.60333,30.1556,20.3609,4.5558
483.0,1.60667,30.155900000000003,20.363300000000002,4.5776
484.0,1.61,30.157400000000003,20.3657,4.5987
485.0,1.61333,30.1623,20.3659,4.6178
486.0,1.61667,30.1659,20.375700000000002,4.6391
487.0,1.62,30.1701,20.3803,4.6633000000000004
488.0,1.62333,30.1741,20.3802,4.6846
489.0,1.62667,30.178800000000003,20.3826,4.706300000000001
490.0,1.63,30.1801,20.3821,4.730700000000001
491.0,1.63333,30.1815,20.3846,4.7543999999999995
492.0,1.63667,30.1778,20.3816,4.7787
493.0,1.64,30.173700000000004,20.3827,4.8005
494.0,1.64333,30.171300000000002,20.3857,4.8346
495.0,1.64667,30.169900000000002,20.3892,4.858
496.0,1.65,30.1641,20.3966,4.885199999999999
497.0,1.65333,30.162599999999998,20.4047,4.9155
498.0,1.65667,30.157999999999998,20.4084,4.9398
499.0,1.66,30.155700000000003,20.4123,4.9693
500.0,1.66333,30.1527,20.422900000000002,4.9961
501.0,1.66667,30.1536,20.431800000000003,5.0271
502.0,1.67,30.151600000000002,20.4416,5.0586
503.0,1.67333,30.1532,20.447499999999998,5.0951
504.0,1.67667,30.152300000000004,20.4544,5.1278
505.0,1.68,30.1464,20.4683,5.1648000000000005
506.0,1.68333,30.139499999999998,20.479,5.201
507.0,1.68667,30.1316,20.4812,5.2362
508.0,1.69,30.123200000000004,20.481,5.2719000000000005
509.0,1.69333,30.119099999999996,20.4986,5.3126
510.0,1.69667,30.1192,20.5132,5.3514
511.0,1.7,30.1303,20.5143,5.399
512.0,1.70333,30.1276,20.527099999999997,5.4524
513.0,1.70667,30.1182,20.5453,5.4994
514.0,1.71,30.1101,20.558600000000002,5.5426
515.0,1.71333,30.108800000000002,20.573500000000003,5.5869
516.0,1.71667,30.101999999999997,20.5852,5.6356
517.0,1.72,30.095499999999998,20.6031,5.6868
518.0,1.72333,30.092000000000002,20.6205,5.7462
519.0,1.72667,30.088299999999997,20.6355,5.8012
520.0,1.73,30.082,20.6537,5.8543
521.0,1.73333,30.0693,20.6714,5.9112
522.0,1.73667,30.0534,20.6903,5.9634
523.0,1.74,30.042399999999997,20.7131,6.019299999999999
524.0,1.74333,30.0442,20.7456,6.0798000000000005
525.0,1.74667,30.0448,20.7625,6.1476
526.0,1.75,30.0242,20.7723,6.201700000000001
527.0,1.75333,30.0072,20.7873,6.2691
528.0,1.75667,29.994400000000002,20.817500000000003,6.3354
529.0,1.76,29.982400000000002,20.8435,6.405500000000001
530.0,1.76333,29.9698,20.8637,6.4670000000000005
531.0,1.76667,29.9567,20.8946,6.533199999999999
532.0,1.77,29.939999999999998,20.9192,6.6065
533.0,1.77333,29.928800000000003,20.944200000000002,6.6748
534.0,1.77667,29.9147,20.9674,6.7495
535.0,1.78,29.898899999999998,21.000700000000002,6.8233999999999995
536.0,1.78333,29.8825,21.0252,6.896599999999999
537.0,1.78667,29.870800000000003,21.049500000000002,6.9626
538.0,1.79,29.8517,21.091900000000003,7.048399999999999
539.0,1.79333,29.8387,21.125999999999998,7.126900000000001
540.0,1.79667,29.8178,21.1541,7.1968000000000005
541.0,1.8,29.795800000000003,21.1794,7.275
542.0,1.80333,29.7779,21.2167,7.3614999999999995
543.0,1.80667,29.7588,21.2456,7.4398
544.0,1.81,29.7366,21.277099999999997,7.526999999999999
545.0,1.81333,29.707900000000002,21.3094,7.605700000000001
546.0,1.81667,29.682799999999997,21.352,7.6867
547.0,1.82,29.669900000000002,21.3855,7.7721
548.0,1.82333,29.641399999999997,21.4279,7.858499999999999
549.0,1.82667,29.6175,21.4555,7.9443
550.0,1.83,29.5935,21.497300000000003,8.0357
551.0,1.83333,29.5759,21.5375,8.116200000000001
552.0,1.83667,29.550099999999997,21.5796,8.2003
553.0,1.84,29.520699999999998,21.6147,8.3017
554.0,1.84333,29.4989,21.650399999999998,8.3904
555.0,1.84667,29.47,21.685,8.4831
556.0,1.85,29.440499999999997,21.718899999999998,8.569199999999999
557.0,1.85333,29.4039,21.7636,8.6679
558.0,1.85667,29.3861,21.8091,8.759699999999999
559.0,1.86,29.3547,21.8542,8.863800000000001
560.0,1.86333,29.324099999999998,21.8917,8.9465
561.0,1.86667,29.2913,21.9386,9.048300000000001
562.0,1.87,29.2817,21.9653,9.1588
563.0,1.87333,29.257799999999996,22.0019,9.2496
564.0,1.87667,29.2181,22.0593,9.3495
565.0,1.88,29.1829,22.113,9.443999999999999
566.0,1.88333,29.155,22.158,9.5467
567.0,1.88667,29.125700000000002,22.1905,9.6541
568.0,1.89,29.0897,22.2399,9.7579
569.0,1.89333,29.0497,22.2849,9.855500000000001
570.0,1.89667,29.017599999999998,22.328200000000002,9.9541
571.0,1.9,28.9835,22.3851,10.0695
572.0,1.90333,28.9563,22.436600000000002,10.1642
573.0,1.90667,28.919,22.4915,10.2796
574.0,1.91,28.8858,22.5387,10.3722
575.0,1.91333,28.853699999999996,22.5828,10.496599999999999
576.0,1.91667,28.813799999999997,22.633699999999997,10.5935
577.0,1.92,28.7769,22.6887,10.6994
578.0,1.92333,28.735899999999997,22.7545,10.8066
579.0,1.92667,28.710700000000003,22.7975,10.924800000000001
580.0,1.93,28.6758,22.851,11.0378
581.0,1.93333,28.6355,22.9026,11.1434
582.0,1.93667,28.5973,22.9533,11.2589
583.0,1.94,28.562400000000004,23.0099,11.3675
584.0,1.94333,28.518400000000003,23.0787,11.4744
585.0,1.94667,28.4806,23.1314,11.5984
586.0,1.95,28.444499999999998,23.181800000000003,11.708400000000001
587.0,1.95333,28.4061,23.2425,11.826
588.0,1.95667,28.3681,23.2987,11.9358
589.0,1.96,28.3298,23.3654,12.0531
590.0,1.96333,28.290499999999998,23.432,12.168099999999999
591.0,1.96667,28.2575,23.482400000000002,12.2782
592.0,1.97,28.223899999999997,23.5429,12.3995
593.0,1.97333,28.1853,23.5977,12.5165
594.0,1.97667,28.1466,23.653399999999998,12.6355
595.0,1.98,28.1166,23.7182,12.7492
596.0,1.98333,28.076299999999996,23.7792,12.868
597.0,1.98667,28.033800000000003,23.8482,12.983099999999999
598.0,1.99,28.0174,23.8912,13.110499999999998
599.0,1.99333,27.9728,23.947499999999998,13.2236
600.0,1.99667,27.944499999999998,24.0199,13.3452
601.0,2.0,27.910700000000002,24.0766,13.4471
602.0,2.00333,27.866000000000003,24.146,13.575800000000001
603.0,2.00667,27.833499999999997,24.197200000000002,13.688300000000002
604.0,2.01,27.806599999999996,24.276,13.8238
605.0,2.01333,27.761900000000004,24.3401,13.930000000000001
606.0,2.01667,27.729599999999998,24.401,14.051499999999999
607.0,2.02,27.6912,24.456,14.169999999999998
608.0,2.02333,27.653399999999998,24.530099999999997,14.290600000000001
609.0,2.02667,27.6141,24.5851,14.4008
610.0,2.03,27.5722,24.6525,14.52
611.0,2.03333,27.5435,24.707,14.6421
612.0,2.03667,27.503899999999998,24.7708,14.7593
613.0,2.04,27.4729,24.8382,14.880199999999999
614.0,2.04333,27.437900000000003,24.896700000000003,14.991200000000001
615.0,2.04667,27.4056,24.9559,15.1177
616.0,2.05,27.364299999999997,25.027,15.2404
617.0,2.05333,27.328300000000002,25.0835,15.358500000000001
618.0,2.05667,27.3002,25.1548,15.4722
619.0,2.06,27.258100000000002,25.2137,15.593700000000002
620.0,2.06333,27.2298,25.2773,15.7129
621.0,2.06667,27.1964,25.3344,15.828399999999998
622.0,2.07,27.1704,25.4194,15.964599999999999
623.0,2.07333,27.1399,25.482499999999998,16.0626
624.0,2.07667,27.100099999999998,25.556800000000003,16.1924
625.0,2.08,27.0734,25.611900000000002,16.3031
626.0,2.08333,27.0507,25.6895,16.4327
627.0,2.08667,27.0037,25.7459,16.5396
628.0,2.09,26.9717,25.8168,16.6603
629.0,2.09333,26.9475,25.883300000000002,16.7808
630.0,2.09667,26.902800000000003,25.955399999999997,16.9002
631.0,2.1,26.8673,26.0166,17.0201
632.0,2.10333,26.831400000000002,26.076900000000002,17.1375
633.0,2.10667,26.8028,26.1565,17.262700000000002
634.0,2.11,26.764,26.2147,17.375
635.0,2.11333,26.731299999999997,26.2909,17.4892
636.0,2.11667,26.701,26.3611,17.6216
637.0,2.12,26.6709,26.4347,17.7445
638.0,2.12333,26.6421,26.4985,17.8571
639.0,2.12667,26.606299999999997,26.5687,17.9739
640.0,2.13,26.588,26.6384,18.0972
641.0,2.13333,26.5462,26.7132,18.217
642.0,2.13667,26.512,26.7798,18.3344
643.0,2.14,26.4789,26.8416,18.459200000000003
644.0,2.14333,26.4392,26.9139,18.5839
645.0,2.14667,26.414800000000003,26.9885,18.7001
646.0,2.15,26.3779,27.057799999999997,18.811600000000002
647.0,2.15333,26.3488,27.131999999999998,18.954
648.0,2.15667,26.320600000000002,27.193900000000003,19.0622
649.0,2.16,26.2751,27.276699999999998,19.1853
650.0,2.16333,26.252999999999997,27.339800000000004,19.310200000000002
651.0,2.16667,26.2252,27.4166,19.4371
652.0,2.17,26.1921,27.497000000000003,19.558799999999998
653.0,2.17333,26.171100000000003,27.560899999999997,19.6666
654.0,2.17667,26.1384,27.649700000000003,19.8097
655.0,2.18,26.102899999999998,27.714299999999998,19.918100000000003
656.0,2.18333,26.0693,27.7868,20.0405
657.0,2.18667,26.0389,27.865199999999998,20.1739
658.0,2.19,26.017500000000002,27.9366,20.291999999999998
659.0,2.19333,25.9835,28.011599999999998,20.4101
660.0,2.19667,25.9532,28.090600000000002,20.5403
661.0,2.2,25.924,28.160199999999996,20.6656
662.0,2.20333,25.891199999999998,28.244099999999996,20.7896
663.0,2.20667,25.8567,28.320100000000004,20.9068
664.0,2.21,25.837,28.389,21.0399
665.0,2.21333,25.8074,28.4686,21.160400000000003
666.0,2.21667,25.776799999999998,28.5353,21.2746
667.0,2.22,25.745800000000003,28.6267,21.4136
668.0,2.22333,25.714800000000004,28.695299999999996,21.5288
669.0,2.22667,25.682499999999997,28.7677,21.656200000000002
670.0,2.23,25.6565,28.8471,21.7786
671.0,2.23333,25.6356,28.9267,21.9139
672.0,2.23667,25.6053,29.0045,22.0252
673.0,2.24,25.5724,29.085199999999997,22.1482
674.0,2.24333,25.5473,29.1658,22.2903
675.0,2.24667,25.5198,29.241000000000003,22.4019
676.0,2.25,25.4762,29.3182,22.525100000000002
677.0,2.25333,25.4674,29.391199999999998,22.662200000000002
678.0,2.25667,25.4297,29.475099999999998,22.781100000000002
679.0,2.26,25.400299999999998,29.547000000000004,22.896700000000003
680.0,2.26333,25.372,29.637,23.0353
681.0,2.26667,25.3367,29.7041,23.1642
682.0,2.27,25.3144,29.7822,23.288
683.0,2.27333,25.2776,29.8727,23.4197
684.0,2.27667,25.2602,29.9475,23.5474
685.0,2.28,25.2256,30.022699999999997,23.6648
686.0,2.28333,25.188200000000002,30.1149,23.7933
687.0,2.28667,25.1678,30.182799999999997,23.9299
688.0,2.29,25.136000000000003,30.2656,24.0546
689.0,2.29333,25.101599999999998,30.3382,24.177500000000002
690.0,2.29667,25.089599999999997,30.424500000000002,24.3253
691.0,2.3,25.0523,30.5014,24.436600000000002
692.0,2.30333,25.0261,30.5979,24.5629
693.0,2.30667,24.9984,30.666500000000003,24.6929
694.0,2.31,24.965799999999998,30.7442,24.8262
695.0,2.31333,24.936600000000002,30.8239,24.955099999999998
696.0,2.31667,24.9182,30.911099999999998,25.090799999999998
697.0,2.32,24.889699999999998,30.9852,25.2152
698.0,2.32333,24.857,31.082100000000004,25.335900000000002
699.0,2.32667,24.8278,31.1539,25.4775
700.0,2.33,24.8005,31.225099999999998,25.604000000000003
701.0,2.33333,24.7688,31.313499999999998,25.7357
702.0,2.33667,24.7457,31.395699999999998,25.8653
703.0,2.34,24.7226,31.473000000000003,25.999599999999997
704.0,2.34333,24.685,31.564999999999998,26.1264
705.0,2.34667,24.668100000000003,31.618900000000004,26.261200000000002
706.0,2.35,24.6324,31.713900000000002,26.394299999999998
707.0,2.35333,24.6108,31.792399999999997,26.5217
708.0,2.35667,24.5893,31.871199999999998,26.6659
709.0,2.36,24.5574,31.9561,26.793799999999997
710.0,2.36333,24.5368,32.0344,26.919
711.0,2.36667,24.500899999999998,32.123200000000004,27.0556
712.0,2.37,24.4748,32.2047,27.172199999999997
713.0,2.37333,24.4418,32.2924,27.3165
714.0,2.37667,24.4312,32.3685,27.457299999999996
715.0,2.38,24.4041,32.4467,27.5808
716.0,2.38333,24.371100000000002,32.5402,27.7163
717.0,2.38667,24.3535,32.612,27.8444
718.0,2.39,24.316499999999998,32.7051,27.9832
719.0,2.39333,24.2966,32.792,28.1099
720.0,2.39667,24.2749,32.8643,28.246
721.0,2.4,24.2415,32.960300000000004,28.3801
722.0,2.40333,24.2172,33.0305,28.5082
723.0,2.40667,24.1853,33.1272,28.6519
724.0,2.41,24.154400000000003,33.1985,28.7726
725.0,2.41333,24.1325,33.2954,28.9113
726.0,2.41667,24.1007,33.3816,29.0442
727.0,2.42,24.0793,33.4562,29.1741
728.0,2.42333,24.0505,33.538799999999995,29.3202
729.0,2.42667,24.0249,33.6293,29.4471
730.0,2.43,23.999000000000002,33.7179,29.5802
731.0,2.43333,23.9682,33.8046,29.7221
732.0,2.43667,23.9453,33.8857,29.8524
733.0,2.44,23.9222,33.975,29.994799999999998
734.0,2.44333,23.9042,34.061099999999996,30.1222
735.0,2.44667,23.8714,34.1431,30.262999999999998
736.0,2.45,23.8504,34.224000000000004,30.403399999999998
737.0,2.45333,23.8209,34.3136,30.532999999999998
738.0,2.45667,23.7885,34.404700000000005,30.6681
739.0,2.46,23.775299999999998,34.4757,30.802100000000003
740.0,2.46333,23.7391,34.5663,30.9418
741.0,2.46667,23.7175,34.6511,31.078300000000002
742.0,2.47,23.6956,34.743900000000004,31.216199999999997
743.0,2.47333,23.6639,34.8221,31.3461
744.0,2.47667,23.6382,34.9062,31.472699999999996
745.0,2.48,23.6139,35.002300000000005,31.6307
746.0,2.48333,23.593899999999998,35.0797,31.762
747.0,2.48667,23.569200000000002,35.175200000000004,31.889100000000003
748.0,2.49,23.5503,35.2599,32.0407
749.0,2.49333,23.515700000000002,35.3403,32.169799999999995
750.0,2.49667,23.4905,35.428,32.3036
751.0,2.5,23.473599999999998,35.525400000000005,32.456900000000005
752.0,2.50333,23.444399999999998,35.6092,32.5751
753.0,2.50667,23.4311,35.6939,32.7226
754.0,2.51,23.3965,35.7915,32.868
755.0,2.51333,23.378800000000002,35.8695,32.9976
756.0,2.51667,23.3512,35.9684,33.1453
757.0,2.52,23.3251,36.0526,33.2769
758.0,2.52333,23.3048,36.1362,33.414699999999996
759.0,2.52667,23.2776,36.2295,33.571
760.0,2.53,23.2532,36.3103,33.695800000000006
761.0,2.53333,23.2319,36.402100000000004,33.845600000000005
762.0,2.53667,23.202199999999998,36.494299999999996,33.986599999999996
763.0,2.54,23.172900000000002,36.583,34.1242
764.0,2.54333,23.1527,36.6705,34.268
765.0,2.54667,23.127000000000002,36.7622,34.4101
766.0,2.55,23.1006,36.855399999999996,34.5554
767.0,2.55333,23.0766,36.9356,34.7016
768.0,2.55667,23.049,37.029199999999996,34.8409
769.0,2.56,23.021700000000003,37.1221,34.9822
770.0,2.56333,22.9976,37.2214,35.1317
771.0,2.56667,22.9739,37.2943,35.274
772.0,2.57,22.952,37.380900000000004,35.422399999999996
773.0,2.57333,22.9226,37.4853,35.5695
774.0,2.57667,22.910800000000002,37.5675,35.7096
775.0,2.58,22.8695,37.658699999999996,35.857600000000005
776.0,2.58333,22.8551,37.7556,36.0064
777.0,2.58667,22.8273,37.8457,36.1563
778.0,2.59,22.805,37.9325,36.301
779.0,2.59333,22.7822,38.0223,36.4447
780.0,2.59667,22.7604,38.1149,36.5985
781.0,2.6,22.726599999999998,38.22,36.7456
782.0,2.60333,22.7084,38.3027,36.8909
783.0,2.60667,22.680799999999998,38.3874,37.0361
784.0,2.61,22.6535,38.494099999999996,37.2051
785.0,2.61333,22.6362,38.5726,37.3374
786.0,2.61667,22.6109,38.6726,37.4889
787.0,2.62,22.5865,38.763,37.6479
788.0,2.62333,22.553800000000003,38.847699999999996,37.7906
789.0,2.62667,22.537399999999998,38.9522,37.9486
790.0,2.63,22.506899999999998,39.0459,38.0903
791.0,2.63333,22.490000000000002,39.1332,38.2433
792.0,2.63667,22.4673,39.2236,38.4006
793.0,2.64,22.432499999999997,39.3142,38.5428
794.0,2.64333,22.4233,39.4176,38.701499999999996
795.0,2.64667,22.3823,39.5043,38.8561
796.0,2.65,22.365000000000002,39.5989,39.003
797.0,2.65333,22.336000000000002,39.6907,39.1619
798.0,2.65667,22.313,39.7725,39.304700000000004
799.0,2.66,22.2947,39.8729,39.475
800.0,2.66333,22.2669,39.9624,39.616
801.0,2.66667,22.2407,40.0637,39.767700000000005
802.0,2.67,22.2147,40.1485,39.928399999999996
803.0,2.67333,22.185499999999998,40.2404,40.0861
804.0,2.67667,22.1714,40.3311,40.2393
805.0,2.68,22.148,40.423700000000004,40.391000000000005
806.0,2.68333,22.1281,40.5133,40.5461
807.0,2.68667,22.1124,40.6118,40.711200000000005
808.0,2.69,22.077,40.706900000000005,40.8615
809.0,2.69333,22.0609,40.7853,41.0106
810.0,2.69667,22.0309,40.8795,41.1757
811.0,2.7,22.0172,40.9692,41.331900000000005
812.0,2.70333,21.9971,41.0646,41.4841
813.0,2.70667,21.9759,41.1466,41.636700000000005
814.0,2.71,21.9484,41.242399999999996,41.8032
815.0,2.71333,21.9227,41.3269,41.9501
816.0,2.71667,21.9029,41.4222,42.1023
817.0,2.72,21.8815,41.512299999999996,42.267700000000005
818.0,2.72333,21.866300000000003,41.5944,42.425799999999995
819.0,2.72667,21.847,41.6804,42.5752
820.0,2.73,21.8284,41.7693,42.7316
821.0,2.73333,21.7936,41.8629,42.9013
822.0,2.73667,21.7786,41.9373,43.0445
823.0,2.74,21.756700000000002,42.0284,43.203500000000005
824.0,2.74333,21.735,42.1145,43.368
825.0,2.74667,21.7117,42.2008,43.5189
826.0,2.75,21.6959,42.2769,43.6731
827.0,2.75333,21.6689,42.3685,43.8341
828.0,2.75667,21.6518,42.443799999999996,43.9911
829.0,2.76,21.6332,42.5424,44.156
830.0,2.76333,21.604499999999998,42.6261,44.304500000000004
831.0,2.76667,21.5932,42.7023,44.4709
832.0,2.77,21.558699999999998,42.7983,44.622699999999995
833.0,2.77333,21.5488,42.8776,44.785000000000004
834.0,2.77667,21.5181,42.961,44.939499999999995
835.0,2.78,21.506899999999998,43.0459,45.102
836.0,2.78333,21.4955,43.132,45.2639
837.0,2.78667,21.4756,43.2055,45.4058
838.0,2.79,21.457900000000002,43.292899999999996,45.5864
839.0,2.79333,21.430600000000002,43.3812,45.734500000000004
840.0,2.79667,21.425,43.4563,45.8909
841.0,2.8,21.3958,43.541399999999996,46.0552
842.0,2.80333,21.3862,43.6223,46.2138
843.0,2.80667,21.3724,43.71,46.3705
844.0,2.81,21.3528,43.7904,46.5312
845.0,2.81333,21.3357,43.8601,46.699400000000004
846.0,2.81667,21.3139,43.953199999999995,46.839
847.0,2.82,21.3122,44.0332,47.0109
848.0,2.82333,21.2957,44.1207,47.1759
849.0,2.82667,21.28,44.1969,47.326499999999996
850.0,2.83,21.2637,44.2772,47.4878
851.0,2.83333,21.238999999999997,44.3448,47.652499999999996
852.0,2.83667,21.224899999999998,44.4306,47.8156
853.0,2.84,21.2077,44.5033,47.9665
854.0,2.84333,21.200200000000002,44.574400000000004,48.1325
855.0,2.84667,21.177500000000002,44.6683,48.2937
856.0,2.85,21.1645,44.7412,48.4496
857.0,2.85333,21.1422,44.8119,48.620400000000004
858.0,2.85667,21.1296,44.8879,48.7689
859.0,2.86,21.1147,44.9644,48.9331
860.0,2.86333,21.109299999999998,45.0443,49.0994
861.0,2.86667,21.0957,45.1185,49.258300000000006
862.0,2.87,21.0821,45.1964,49.418
863.0,2.87333,21.0745,45.2698,49.5803
864.0,2.87667,21.0464,45.3483,49.7444
865.0,2.88,21.036,45.4163,49.904700000000005
866.0,2.88333,21.0332,45.5015,50.064499999999995
867.0,2.88667,21.0155,45.5751,50.2216
868.0,2.89,21.0129,45.650099999999995,50.388400000000004
869.0,2.89333,20.9898,45.7214,50.5497
870.0,2.89667,20.9857,45.7889,50.7087
871.0,2.9,20.970599999999997,45.8629,50.8735
872.0,2.90333,20.963,45.9353,51.0395
873.0,2.90667,20.9534,46.0016,51.1971
874.0,2.91,20.9435,46.0848,51.358799999999995
875.0,2.91333,20.9372,46.1474,51.5197
876.0,2.91667,20.9174,46.2221,51.6808
877.0,2.92,20.9076,46.291000000000004,51.847500000000004
878.0,2.92333,20.9047,46.3618,52.00359999999999
879.0,2.92667,20.891,46.4333,52.17229999999999
880.0,2.93,20.8849,46.5055,52.32899999999999
881.0,2.93333,20.8684,46.573899999999995,52.496
882.0,2.93667,20.8614,46.6389,52.658699999999996
883.0,2.94,20.8453,46.716699999999996,52.8187
884.0,2.94333,20.8433,46.7779,52.9851
885.0,2.94667,20.8361,46.8465,53.141200000000005
886.0,2.95,20.822300000000002,46.919799999999995,53.313
887.0,2.95333,20.8185,46.9832,53.4686
888.0,2.95667,20.812,47.0495,53.634
889.0,2.96,20.7971,47.1198,53.7961
890.0,2.96333,20.792099999999998,47.173899999999996,53.96079999999999
891.0,2.96667,20.7862,47.2504,54.1245
892.0,2.97,20.7868,47.314299999999996,54.28920000000001
893.0,2.97333,20.778399999999998,47.3815,54.4505
894.0,2.97667,20.7678,47.452600000000004,54.61559999999999
895.0,2.98,20.764599999999998,47.512299999999996,54.784400000000005
896.0,2.98333,20.7444,47.5753,54.9446
897.0,2.98667,20.7475,47.644600000000004,55.1108
898.0,2.99,20.7437,47.7104,55.269600000000004
899.0,2.99333,20.7349,47.7723,55.446600000000004
900.0,2.99667,20.7273,47.8313,55.598400000000005
901.0,3.0,20.721799999999998,47.8934,55.7669
902.0,3.00333,20.7103,47.957499999999996,55.930600000000005
903.0,3.00667,20.706899999999997,48.0212,56.1048
904.0,3.01,20.6939,48.0745,56.2641
905.0,3.01333,20.7004,48.1389,56.4276
906.0,3.01667,20.6954,48.209500000000006,56.589200000000005
907.0,3.02,20.6841,48.2692,56.76520000000001
908.0,3.02333,20.6801,48.3278,56.9187
909.0,3.02667,20.6774,48.382400000000004,57.0911
910.0,3.03,20.661099999999998,48.4403,57.252599999999994
911.0,3.03333,20.6683,48.506,57.420500000000004
912.0,3.03667,20.6548,48.5685,57.5933
913.0,3.04,20.6618,48.6206,57.75019999999999
914.0,3.04333,20.6512,48.6903,57.915
915.0,3.04667,20.644,48.7405,58.0985
916.0,3.05,20.6383,48.7895,58.2487
917.0,3.05333,20.627299999999998,48.8581,58.4227
918.0,3.05667,20.6201,48.914699999999996,58.5896
919.0,3.06,20.6203,48.9666,58.75750000000001
920.0,3.06333,20.609,49.0168,58.9273
921.0,3.06667,20.6095,49.0855,59.0912
922.0,3.07,20.6014,49.140100000000004,59.2546
923.0,3.07333,20.5925,49.1952,59.4279
924.0,3.07667,20.5943,49.240899999999996,59.5961
925.0,3.08,20.5761,49.2958,59.767399999999995
926.0,3.08333,20.5779,49.358999999999995,59.9375
927.0,3.08667,20.5768,49.4094,60.0973
928.0,3.09,20.5629,49.4657,60.275099999999995
929.0,3.09333,20.5647,49.5249,60.440200000000004
930.0,3.09667,20.5572,49.5702,60.6106
931.0,3.1,20.5465,49.6148,60.7846
932.0,3.10333,20.5348,49.6779,60.947199999999995
933.0,3.10667,20.5263,49.7218,61.1245
934.0,3.11,20.524,49.7748,61.2906
935.0,3.11333,20.5222,49.8279,61.464999999999996
936.0,3.11667,20.5124,49.8857,61.62910000000001
937.0,3.12,20.5128,49.9283,61.7966
938.0,3.12333,20.508699999999997,49.9802,61.981700000000004
939.0,3.12667,20.496299999999998,50.0366,62.1346
940.0,3.13,20.4955,50.0843,62.3202
941.0,3.13333,20.4821,50.1372,62.4831
942.0,3.13667,20.4784,50.1719,62.657799999999995
943.0,3.14,20.4732,50.230399999999996,62.82899999999999
944.0,3.14333,20.462,50.288799999999995,62.9988
945.0,3.14667,20.465,50.3314,63.1691
946.0,3.15,20.4559,50.382400000000004,63.3377
947.0,3.15333,20.4447,50.4302,63.5203
948.0,3.15667,20.4429,50.4757,63.678200000000004
949.0,3.16,20.438200000000002,50.527699999999996,63.855999999999995
950.0,3.16333,20.4311,50.5658,64.0283
951.0,3.16667,20.4251,50.617200000000004,64.1944
952.0,3.17,20.4083,50.6727,64.3755
953.0,3.17333,20.409,50.7136,64.5437
954.0,3.17667,20.4054,50.759,64.7087
955.0,3.18,20.3901,50.804500000000004,64.8966
956.0,3.18333,20.386400000000002,50.8609,65.0538
957.0,3.18667,20.377000000000002,50.8956,65.2401
958.0,3.19,20.3688,50.9447,65.4037
959.0,3.19333,20.374100000000002,50.990899999999996,65.5784
960.0,3.19667,20.3519,51.0413,65.7461
961.0,3.2,20.3487,51.080200000000005,65.928
962.0,3.20333,20.3394,51.1165,66.0906
963.0,3.20667,20.333000000000002,51.1745,66.2696
964.0,3.21,20.321,51.216899999999995,66.4431
965.0,3.21333,20.3178,51.2599,66.6108
966.0,3.21667,20.3062,51.299699999999994,66.7903
967.0,3.22,20.3019,51.345299999999995,66.9587
968.0,3.22333,20.2865,51.38440000000001,67.1276
969.0,3.22667,20.2837,51.4294,67.3059
970.0,3.23,20.2825,51.466899999999995,67.4787
971.0,3.23333,20.2636,51.5061,67.6495
972.0,3.23667,20.259999999999998,51.5625,67.8249
973.0,3.24,20.2467,51.5886,67.9955
974.0,3.24333,20.240199999999998,51.6312,68.17240000000001
975.0,3.24667,20.2303,51.6675,68.3497
976.0,3.25,20.2231,51.7193,68.5154
977.0,3.25333,20.2149,51.756600000000006,68.6875
978.0,3.25667,20.2133,51.7993,68.8693
979.0,3.26,20.2088,51.8352,69.0359
980.0,3.26333,20.197300000000002,51.878,69.2092
981.0,3.26667,20.1894,51.91369999999999,69.3856
982.0,3.27,20.1725,51.942499999999995,69.563
983.0,3.27333,20.162,51.97670000000001,69.7394
984.0,3.27667,20.1575,52.017399999999995,69.90599999999999
985.0,3.28,20.1447,52.057100000000005,70.0867
986.0,3.28333,20.1271,52.102599999999995,70.25460000000001
987.0,3.28667,20.1233,52.132799999999996,70.4362
988.0,3.29,20.1088,52.16609999999999,70.60130000000001
989.0,3.29333,20.1012,52.2059,70.7825
990.0,3.29667,20.0855,52.242200000000004,70.9486
991.0,3.3,20.074,52.2718,71.12910000000001
992.0,3.30333,20.0699,52.306200000000004,71.3024
993.0,3.30667,20.0628,52.3403,71.4722
994.0,3.31,20.055500000000002,52.3848,71.652
995.0,3.31333,20.051499999999997,52.4076,71.8232
996.0,3.31667,20.037200000000002,52.4433,71.9956
997.0,3.32,20.0209,52.47430000000001,72.1748
998.0,3.32333,20.013399999999997,52.510000000000005,72.3494
999.0,3.32667,19.9984,52.5292,72.519
1000.0,3.33,19.994999999999997,52.5687,72.6963
1001.0,3.33333,19.9897,52.5933,72.87440000000001
1002.0,3.33667,19.9757,52.6198,73.0415
1003.0,3.34,19.9541,52.657799999999995,73.2215
1004.0,3.34333,19.946,52.6827,73.396
1005.0,3.34667,19.926,52.70890000000001,73.57390000000001
1006.0,3.35,19.9146,52.7379,73.744
1007.0,3.35333,19.909100000000002,52.7544,73.9159
1008.0,3.35667,19.8856,52.796299999999995,74.09299999999999
1009.0,3.36,19.8791,52.8137,74.2736
1010.0,3.36333,19.8625,52.8378,74.44239999999999
1011.0,3.36667,19.846,52.8669,74.6172
1012.0,3.37,19.841900000000003,52.888099999999994,74.7938
1013.0,3.37333,19.831899999999997,52.9148,74.9635
1014.0,3.37667,19.8157,52.946400000000004,75.14750000000001
1015.0,3.38,19.808799999999998,52.9602,75.3168
1016.0,3.38333,19.799799999999998,52.9803,75.4991
1017.0,3.38667,19.775,53.018299999999996,75.6667
1018.0,3.39,19.7699,53.0317,75.8511
1019.0,3.39333,19.7584,53.0588,76.0143
1020.0,3.39667,19.7376,53.075300000000006,76.2062
1021.0,3.4,19.727600000000002,53.0921,76.3647
1022.0,3.40333,19.7148,53.1059,76.5522
1023.0,3.40667,19.694499999999998,53.137699999999995,76.7178
1024.0,3.41,19.683,53.153099999999995,76.902
1025.0,3.41333,19.6767,53.1836,77.0756
1026.0,3.41667,19.6552,53.1952,77.2511
1027.0,3.42,19.6513,53.206100000000006,77.42859999999999
1028.0,3.42333,19.634999999999998,53.2278,77.6079
1029.0,3.42667,19.6191,53.2533,77.77680000000001
1030.0,3.43,19.6105,53.267100000000006,77.9604
1031.0,3.43333,19.605,53.2888,78.1335
1032.0,3.43667,19.582900000000002,53.2996,78.3133
1033.0,3.44,19.5697,53.3103,78.4903
1034.0,3.44333,19.5642,53.334199999999996,78.6626
1035.0,3.44667,19.54,53.354600000000005,78.8408
1036.0,3.45,19.5298,53.3692,79.02619999999999
1037.0,3.45333,19.5173,53.368700000000004,79.1933
1038.0,3.45667,19.5041,53.3851,79.3749
1039.0,3.46,19.486600000000003,53.3944,79.5564
1040.0,3.46333,19.4818,53.399,79.7244
1041.0,3.46667,19.465600000000002,53.4259,79.9152
1042.0,3.47,19.4501,53.4378,80.0856
1043.0,3.47333,19.4332,53.4403,80.2634
1044.0,3.47667,19.4177,53.45399999999999,80.44160000000001
1045.0,3.48,19.4043,53.464,80.6229
1046.0,3.48333,19.398699999999998,53.473699999999994,80.7903
1047.0,3.48667,19.3792,53.48440000000001,80.9792
1048.0,3.49,19.3612,53.498599999999996,81.15270000000001
1049.0,3.49333,19.3478,53.50019999999999,81.3334
1050.0,3.49667,19.3444,53.5082,81.50789999999999
1051.0,3.5,19.3306,53.51219999999999,81.6885
1052.0,3.50333,19.3155,53.5203,81.8733
1053.0,3.50667,19.3016,53.5216,82.039
1054.0,3.51,19.286,53.528099999999995,82.2286
1055.0,3.51333,19.2655,53.5351,82.3965
1056.0,3.51667,19.2582,53.53920000000001,82.5792
1057.0,3.52,19.2457,53.5553,82.751
1058.0,3.52333,19.223599999999998,53.54690000000001,82.9284
1059.0,3.52667,19.2154,53.5606,83.108
1060.0,3.53,19.206899999999997,53.5577,83.2859
1061.0,3.53333,19.189500000000002,53.571299999999994,83.45410000000001
1062.0,3.53667,19.1689,53.572,83.63289999999999
1063.0,3.54,19.1586,53.57770000000001,83.8139
1064.0,3.54333,19.1399,53.5763,83.9836
1065.0,3.54667,19.124000000000002,53.582100000000004,84.17229999999999
1066.0,3.55,19.111600000000003,53.5809,84.3331
1067.0,3.55333,19.0961,53.5724,84.5125
1068.0,3.55667,19.0839,53.5841,84.6932
1069.0,3.56,19.0597,53.587300000000006,84.8678
1070.0,3.56333,19.0553,53.58239999999999,85.0414
1071.0,3.56667,19.0272,53.5746,85.2208
1072.0,3.57,19.0171,53.583600000000004,85.39500000000001
1073.0,3.57333,19.0013,53.5788,85.5633
1074.0,3.57667,18.9964,53.5715,85.7436
1075.0,3.58,18.9762,53.5669,85.9266
1076.0,3.58333,18.9572,53.5696,86.0971
1077.0,3.58667,18.9494,53.5717,86.2757
1078.0,3.59,18.93,53.5622,86.4486
1079.0,3.59333,18.912100000000002,53.559400000000004,86.6272
1080.0,3.59667,18.8878,53.556,86.8026
1081.0,3.6,18.8824,53.545899999999996,86.9727
1082.0,3.60333,18.8685,53.5424,87.1523
1083.0,3.60667,18.8418,53.5366,87.3271
1084.0,3.61,18.8325,53.52329999999999,87.4989
1085.0,3.61333,18.8128,53.52329999999999,87.682
1086.0,3.61667,18.7972,53.5202,87.8492
1087.0,3.62,18.770599999999998,53.519000000000005,88.02590000000001
1088.0,3.62333,18.7555,53.5098,88.2009
1089.0,3.62667,18.7377,53.4975,88.3783
1090.0,3.63,18.718,53.4913,88.5555
1091.0,3.63333,18.6966,53.474599999999995,88.7277
1092.0,3.63667,18.6857,53.459900000000005,88.9108
1093.0,3.64,18.669999999999998,53.4573,89.0801
1094.0,3.64333,18.645,53.4508,89.2586
1095.0,3.64667,18.6191,53.4408,89.43339999999999
1096.0,3.65,18.6011,53.427,89.6048
1097.0,3.65333,18.581,53.4252,89.7912
1098.0,3.65667,18.5581,53.4029,89.9582
1099.0,3.66,18.542099999999998,53.387699999999995,90.1403
1100.0,3.66333,18.529,53.381600000000006,90.3095
1101.0,3.66667,18.506700000000002,53.363,90.4887
1102.0,3.67,18.4816,53.358000000000004,90.6643
1103.0,3.67333,18.4578,53.334500000000006,90.8336
1104.0,3.67667,18.4343,53.324,91.0208
1105.0,3.68,18.4049,53.32190000000001,91.1988
1106.0,3.68333,18.3816,53.2972,91.376
1107.0,3.68667,18.3675,53.2889,91.5522
1108.0,3.69,18.348599999999998,53.2687,91.7288
1109.0,3.69333,18.3303,53.2561,91.9149
1110.0,3.69667,18.3054,53.2394,92.08529999999999
1111.0,3.7,18.285,53.222,92.2665
1112.0,3.70333,18.250999999999998,53.210699999999996,92.4401
1113.0,3.70667,18.229599999999998,53.1878,92.6211
1114.0,3.71,18.214,53.1707,92.7982
1115.0,3.71333,18.1886,53.155899999999995,92.97999999999999
1116.0,3.71667,18.1625,53.13099999999999,93.1698
1117.0,3.72,18.1391,53.116099999999996,93.3449
1118.0,3.72333,18.1132,53.0903,93.52329999999999
1119.0,3.72667,18.076900000000002,53.0726,93.7022
1120.0,3.73,18.0546,53.05890000000001,93.8815
1121.0,3.73333,18.0398,53.0333,94.0626
1122.0,3.73667,18.0129,53.0194,94.23479999999999
1123.0,3.74,17.982599999999998,52.991200000000006,94.4171
1124.0,3.74333,17.9577,52.9773,94.59700000000001
1125.0,3.74667,17.9313,52.946799999999996,94.77770000000001
1126.0,3.75,17.8933,52.9308,94.9528
1127.0,3.75333,17.871199999999998,52.927499999999995,95.1326
1128.0,3.75667,17.8432,52.9014,95.3087
1129.0,3.76,17.8131,52.877599999999994,95.5
1130.0,3.76333,17.7913,52.8538,95.6705
1131.0,3.76667,17.7583,52.8301,95.8579
1132.0,3.77,17.728,52.8092,96.04260000000001
1133.0,3.77333,17.7059,52.7745,96.2117
1134.0,3.77667,17.6719,52.7461,96.401
1135.0,3.78,17.644399999999997,52.725199999999994,96.576
1136.0,3.78333,17.6237,52.68730000000001,96.75890000000001
1137.0,3.78667,17.5973,52.659299999999995,96.9426
1138.0,3.79,17.5643,52.6337,97.1187
1139.0,3.79333,17.5309,52.615300000000005,97.304
1140.0,3.79667,17.5035,52.5837,97.48060000000001
1141.0,3.8,17.473300000000002,52.564800000000005,97.662
1142.0,3.80333,17.4451,52.5264,97.849
1143.0,3.80667,17.4082,52.505700000000004,98.0285
1144.0,3.81,17.387,52.4843,98.2033
1145.0,3.81333,17.3608,52.451800000000006,98.385
1146.0,3.81667,17.3229,52.423,98.57079999999999
1147.0,3.82,17.291900000000002,52.3952,98.75489999999999
1148.0,3.82333,17.271700000000003,52.361000000000004,98.9273
1149.0,3.82667,17.2374,52.338,99.1076
1150.0,3.83,17.2172,52.2999,99.2975
1151.0,3.83333,17.1853,52.278200000000005,99.47970000000001
1152.0,3.83667,17.1529,52.2351,99.6609
1153.0,3.84,17.1251,52.2017,99.8408
1154.0,3.84333,17.0916,52.1739,100.023
1155.0,3.84667,17.0574,52.1376,100.1962
1156.0,3.85,17.0381,52.099000000000004,100.3885
1157.0,3.85333,17.0105,52.063199999999995,100.5698
1158.0,3.85667,16.976300000000002,52.0355,100.7476
1159.0,3.86,16.9397,52.005700000000004,100.9345
1160.0,3.86333,16.912100000000002,51.9769,101.1138
1161.0,3.86667,16.884,51.9388,101.303
1162.0,3.87,16.8615,51.8995,101.4813
1163.0,3.87333,16.8233,51.87050000000001,101.6666
1164.0,3.87667,16.7887,51.832100000000004,101.8515
1165.0,3.88,16.7625,51.7856,102.0281
1166.0,3.88333,16.733,51.7598,102.2148
1167.0,3.88667,16.7076,51.7196,102.3982
1168.0,3.89,16.6707,51.68150000000001,102.58430000000001
1169.0,3.89333,16.6598,51.6392,102.76230000000001
1170.0,3.89667,16.619999999999997,51.600199999999994,102.94749999999999
1171.0,3.9,16.5834,51.559400000000004,103.13119999999999
1172.0,3.90333,16.5563,51.520799999999994,103.31320000000001
1173.0,3.90667,16.5298,51.4693,103.49570000000001
1174.0,3.91,16.5079,51.435199999999995,103.6816
1175.0,3.91333,16.4814,51.401599999999995,103.8607
1176.0,3.91667,16.436600000000002,51.357000000000006,104.04690000000001
1177.0,3.92,16.4191,51.3255,104.21759999999999
1178.0,3.92333,16.395,51.283500000000004,104.407
1179.0,3.92667,16.3589,51.235,104.5943
1180.0,3.93,16.337899999999998,51.191,104.7689
1181.0,3.93333,16.301099999999998,51.1524,104.9532
1182.0,3.93667,16.2818,51.1098,105.13340000000001
1183.0,3.94,16.2534,51.0732,105.31969999999998
1184.0,3.94333,16.2284,51.0199,105.4997
1185.0,3.94667,16.202099999999998,50.9815,105.6933
1186.0,3.95,16.169,50.9305,105.86359999999999
1187.0,3.95333,16.1417,50.8859,106.0414
1188.0,3.95667,16.1218,50.8472,106.2396
1189.0,3.96,16.089599999999997,50.7955,106.41869999999999
1190.0,3.96333,16.0721,50.761399999999995,106.59760000000001
1191.0,3.96667,16.0413,50.7073,106.7868
1192.0,3.97,16.0111,50.6636,106.9547
1193.0,3.97333,15.987,50.6164,107.1401
1194.0,3.97667,15.9596,50.5597,107.3267
1195.0,3.98,15.9368,50.5233,107.51579999999998
1196.0,3.98333,15.915000000000001,50.4736,107.6892
1197.0,3.98667,15.8823,50.4219,107.87270000000001
1198.0,3.99,15.8646,50.3664,108.0528
1199.0,3.99333,15.838,50.3278,108.2299
1200.0,3.99667,15.8108,50.2763,108.41669999999999
1201.0,4.0,15.7898,50.2228,108.6021
1202.0,4.00333,15.7673,50.1777,108.78309999999999
1203.0,4.00667,15.751499999999998,50.126,108.9639
1204.0,4.01,15.7238,50.0729,109.15619999999998
1205.0,4.01333,15.6918,50.0262,109.3228
1206.0,4.01667,15.675999999999998,49.974000000000004,109.50399999999999
1207.0,4.02,15.653899999999998,49.9259,109.6978
1208.0,4.02333,15.641300000000001,49.8668,109.8703
1209.0,4.02667,15.611099999999999,49.8257,110.05319999999999
1210.0,4.03,15.5862,49.7701,110.23710000000001
1211.0,4.03333,15.5745,49.708999999999996,110.42519999999999
1212.0,4.03667,15.545599999999999,49.6618,110.59459999999999
1213.0,4.04,15.5328,49.613299999999995,110.7721
1214.0,4.04333,15.5119,49.5583,110.95689999999999
1215.0,4.04667,15.493,49.4995,111.1356
1216.0,4.05,15.4766,49.4456,111.3285
1217.0,4.05333,15.4469,49.384,111.5089
1218.0,4.05667,15.434000000000001,49.340199999999996,111.6831
1219.0,4.06,15.4179,49.28,111.8613
1220.0,4.06333,15.3982,49.2174,112.04570000000001
1221.0,4.06667,15.382499999999999,49.1677,112.22149999999999
1222.0,4.07,15.3589,49.0986,112.40899999999999
1223.0,4.07333,15.350999999999999,49.0486,112.6016
1224.0,4.07667,15.333099999999998,48.990899999999996,112.77349999999998
1225.0,4.08,15.3185,48.923,112.9523
1226.0,4.08333,15.3036,48.8652,113.1368
1227.0,4.08667,15.2895,48.793099999999995,113.31890000000001
1228.0,4.09,15.2767,48.7397,113.4902
1229.0,4.09333,15.26,48.6865,113.676
1230.0,4.09667,15.2405,48.6184,113.86780000000002
1231.0,4.1,15.234399999999999,48.561,114.0515
1232.0,4.10333,15.209999999999999,48.4888,114.22550000000001
1233.0,4.10667,15.2062,48.431,114.4108
1234.0,4.11,15.1962,48.3757,114.5898
1235.0,4.11333,15.169300000000002,48.316199999999995,114.76520000000001
1236.0,4.11667,15.165899999999999,48.2508,114.96340000000001
1237.0,4.12,15.1407,48.179199999999994,115.1413
1238.0,4.12333,15.1294,48.1299,115.3167
1239.0,4.12667,15.1232,48.0726,115.50450000000001
1240.0,4.13,15.109100000000002,47.9971,115.68730000000001
1241.0,4.13333,15.102799999999998,47.936099999999996,115.8749
1242.0,4.13667,15.087299999999999,47.8547,116.0426
1243.0,4.14,15.0826,47.794,116.2295
1244.0,4.14333,15.0686,47.7255,116.40920000000001
1245.0,4.14667,15.053,47.6626,116.582
1246.0,4.15,15.055699999999998,47.5937,116.7841
1247.0,4.15333,15.0292,47.5239,116.95899999999999
1248.0,4.15667,15.024899999999999,47.4655,117.13309999999998
1249.0,4.16,15.022,47.392700000000005,117.3167
1250.0,4.16333,15.001499999999998,47.3218,117.5011
1251.0,4.16667,15.002199999999998,47.256099999999996,117.68469999999999
1252.0,4.17,14.9906,47.1946,117.86110000000001
1253.0,4.17333,14.9809,47.1239,118.04870000000001
1254.0,4.17667,14.9659,47.0467,118.237
1255.0,4.18,14.962799999999998,46.9697,118.4078
1256.0,4.18333,14.959299999999999,46.9117,118.5944
1257.0,4.18667,14.953100000000001,46.839999999999996,118.7796
1258.0,4.19,14.9493,46.763600000000004,118.9497
1259.0,4.19333,14.9363,46.6881,119.1413
1260.0,4.19667,14.924299999999999,46.611900000000006,119.31700000000001
1261.0,4.2,14.9172,46.5539,119.49770000000001
1262.0,4.20333,14.899600000000001,46.4682,119.68199999999999
1263.0,4.20667,14.899600000000001,46.404700000000005,119.8549
1264.0,4.21,14.8894,46.3198,120.03659999999999
1265.0,4.21333,14.880600000000001,46.251799999999996,120.2222
1266.0,4.21667,14.8816,46.1763,120.4
1267.0,4.22,14.8737,46.0974,120.58699999999999
1268.0,4.22333,14.8768,46.023700000000005,120.77170000000001
1269.0,4.22667,14.862100000000002,45.9533,120.94760000000001
1270.0,4.23,14.857099999999999,45.8831,121.128
1271.0,4.23333,14.8459,45.800599999999996,121.30160000000001
1272.0,4.23667,14.8619,45.7393,121.4913
1273.0,4.24,14.848400000000002,45.6687,121.66890000000001
1274.0,4.24333,14.831299999999999,45.5768,121.8431
1275.0,4.24667,14.8349,45.4962,122.0124
1276.0,4.25,14.829699999999999,45.415499999999994,122.205
1277.0,4.25333,14.829400000000001,45.348200000000006,122.3923
1278.0,4.25667,14.8263,45.2758,122.5606
1279.0,4.26,14.8282,45.1927,122.74690000000001
1280.0,4.26333,14.819999999999999,45.1223,122.93409999999999
1281.0,4.26667,14.809299999999999,45.045,123.1002
1282.0,4.27,14.821100000000001,44.9624,123.2847
1283.0,4.27333,14.837100000000001,44.887299999999996,123.4702
1284.0,4.27667,14.8036,44.7901,123.63320000000002
1285.0,4.28,14.8132,44.728500000000004,123.8136
1286.0,4.28333,14.793000000000001,44.6462,124.0001
1287.0,4.28667,14.792599999999998,44.5569,124.1857
1288.0,4.29,14.7998,44.492399999999996,124.3604
1289.0,4.29333,14.790199999999999,44.4079,124.53209999999999
1290.0,4.29667,14.7947,44.3218,124.71520000000001
1291.0,4.3,14.7994,44.237700000000004,124.8937
1292.0,4.30333,14.8066,44.1635,125.0808
1293.0,4.30667,14.790299999999998,44.0794,125.2417
1294.0,4.31,14.7786,43.9958,125.4183
1295.0,4.31333,14.788300000000001,43.9183,125.59960000000001
1296.0,4.31667,14.774899999999999,43.843599999999995,125.7761
1297.0,4.32,14.773599999999998,43.7606,125.9538
1298.0,4.32333,14.764500000000002,43.6627,126.131
1299.0,4.32667,14.796199999999999,43.595299999999995,126.3164
1300.0,4.33,14.7915,43.5204,126.49010000000001
1301.0,4.33333,14.7818,43.4246,126.6633
1302.0,4.33667,14.787,43.348200000000006,126.8415
1303.0,4.34,14.7684,43.2672,127.026
1304.0,4.34333,14.7875,43.1863,127.18589999999999
1305.0,4.34667,14.7978,43.097699999999996,127.36479999999999
1306.0,4.35,14.793600000000001,43.0052,127.55
1307.0,4.35333,14.8192,42.9417,127.72370000000001
1308.0,4.35667,14.7775,42.847699999999996,127.90650000000001
1309.0,4.36,14.787200000000002,42.7793,128.1053
1310.0,4.36333,14.7833,42.6927,128.2764
1311.0,4.36667,14.797300000000002,42.6203,128.4521
1312.0,4.37,14.7922,42.5152,128.6345
1313.0,4.37333,14.7982,42.4347,128.8123
1314.0,4.37667,14.8154,42.3692,128.9925
1315.0,4.38,14.7844,42.2765,129.1548
1316.0,4.38333,14.7912,42.189800000000005,129.3405
1317.0,4.38667,14.8094,42.1118,129.5378
1318.0,4.39,14.7975,42.0229,129.70329999999998
1319.0,4.39333,14.8105,41.9369,129.8727
1320.0,4.39667,14.837200000000001,41.8519,130.0599
1321.0,4.4,14.815000000000001,41.7732,130.22840000000002
1322.0,4.40333,14.8286,41.6979,130.4069
1323.0,4.40667,14.8065,41.591,130.5653
1324.0,4.41,14.8083,41.5098,130.7414
1325.0,4.41333,14.8251,41.4189,130.9162
1326.0,4.41667,14.821700000000002,41.3406,131.1021
1327.0,4.42,14.8228,41.2624,131.26839999999999
1328.0,4.42333,14.8282,41.1822,131.447
1329.0,4.42667,14.836500000000001,41.0866,131.6133
1330.0,4.43,14.8495,40.9933,131.7858
1331.0,4.43333,14.855500000000001,40.9095,131.95909999999998
1332.0,4.43667,14.8423,40.821,132.1359
1333.0,4.44,14.8328,40.7242,132.28209999999999
1334.0,4.44333,14.8602,40.663799999999995,132.4296
1335.0,4.44667,14.8843,40.584199999999996,132.5924
1336.0,4.45,14.8716,40.4861,132.7385
1337.0,4.45333,14.8846,40.3863,132.8849
1338.0,4.45667,14.894300000000001,40.3142,133.05689999999998
1339.0,4.46,14.875399999999999,40.2267,133.1889
1340.0,4.46333,14.891300000000001,40.144,133.33610000000002
1341.0,4.46667,14.8963,40.0537,133.4615
1342.0,4.47,14.8981,39.953199999999995,133.6087
1343.0,4.47333,14.9025,39.8692,133.7466
1344.0,4.47667,14.886000000000001,39.7896,133.88219999999998
1345.0,4.48,14.9042,39.7161,134.007
1346.0,4.48333,14.9147,39.6152,134.1257
1347.0,4.48667,14.8877,39.5184,134.2691
1348.0,4.49,14.925999999999998,39.4448,134.3686
1349.0,4.49333,14.921000000000001,39.3575,134.4804
1350.0,4.49667,14.912799999999999,39.2577,134.6095
1351.0,4.5,14.932400000000001,39.1901,134.6877
1352.0,4.50333,14.943000000000001,39.0965,134.80519999999999
1353.0,4.50667,14.919900000000002,39.0101,134.9232
1354.0,4.51,14.9351,38.9267,134.9939
1355.0,4.51333,14.938999999999998,38.8426,135.08440000000002
1356.0,4.51667,14.9415,38.7414,135.1837
1357.0,4.52,14.9481,38.6632,135.25029999999998
1358.0,4.52333,14.937999999999999,38.581599999999995,135.34359999999998
1359.0,4.52667,14.952000000000002,38.4942,135.3999
1360.0,4.53,14.9542,38.4127,135.4723
1361.0,4.53333,14.9712,38.3194,135.55239999999998
1362.0,4.53667,14.9573,38.2413,135.6074
1363.0,4.54,14.9596,38.1627,135.6635
1364.0,4.54333,14.9699,38.0674,135.7282
1365.0,4.54667,14.9669,37.9751,135.78119999999998
1366.0,4.55,14.975200000000001,37.894099999999995,135.8084
1367.0,4.55333,14.968399999999999,37.8041,135.86690000000002
1368.0,4.55667,14.9882,37.7293,135.8955
1369.0,4.56,14.9743,37.6408,135.9452
1370.0,4.56333,14.985,37.5572,135.94310000000002
1371.0,4.56667,14.9893,37.462,135.9835
1372.0,4.57,15.0023,37.3883,135.9876
1373.0,4.57333,14.998099999999999,37.2961,136.0267
1374.0,4.57667,14.9994,37.2164,136.0067
1375.0,4.58,15.012899999999998,37.1314,136.0153
1376.0,4.58333,15.029599999999999,37.0422,136.0046
1377.0,4.58667,15.0191,36.963499999999996,136.01489999999998
1378.0,4.59,15.0308,36.869099999999996,136.0196
1379.0,4.59333,15.0344,36.7863,135.9932
1380.0,4.59667,15.0318,36.695499999999996,135.9794
1381.0,4.6,15.024899999999999,36.6151,135.9579
1382.0,4.60333,15.0256,36.5303,135.9416
1383.0,4.60667,15.054499999999999,36.4499,135.8963
1384.0,4.61,15.049199999999999,36.3609,135.8683
1385.0,4.61333,15.0531,36.271699999999996,135.8082
1386.0,4.61667,15.0607,36.1879,135.7623
1387.0,4.62,15.061000000000002,36.1117,135.7124
1388.0,4.62333,15.0661,36.0249,135.6527
1389.0,4.62667,15.0645,35.945100000000004,135.6098
1390.0,4.63,15.0932,35.8547,135.5326
1391.0,4.63333,15.073400000000001,35.7766,135.47719999999998
1392.0,4.63667,15.086699999999999,35.6903,135.37560000000002
1393.0,4.64,15.090799999999998,35.6089,135.2946
1394.0,4.64333,15.087200000000001,35.5257,135.2155
1395.0,4.64667,15.0996,35.4326,135.1183
1396.0,4.65,15.090799999999998,35.3642,135.0504
1397.0,4.65333,15.119200000000001,35.277499999999996,134.93959999999998
1398.0,4.65667,15.112200000000001,35.1911,134.8172
1399.0,4.66,15.1137,35.1123,134.7173
1400.0,4.66333,15.118199999999998,35.0377,134.5976
1401.0,4.66667,15.1247,34.9465,134.4878
1402.0,4.67,15.1294,34.8817,134.3398
1403.0,4.67333,15.1364,34.796499999999995,134.2159
1404.0,4.67667,15.143,34.7151,134.0885
1405.0,4.68,15.1601,34.6315,133.9472
1406.0,4.68333,15.152600000000001,34.5532,133.8068
1407.0,4.68667,15.1595,34.4705,133.6442
1408.0,4.69,15.1587,34.4028,133.486
1409.0,4.69333,15.1651,34.3039,133.3287
1410.0,4.69667,15.174000000000001,34.2305,133.1698
1411.0,4.7,15.1749,34.1576,133.0054
1412.0,4.70333,15.1724,34.070299999999996,132.8348
1413.0,4.70667,15.184000000000001,33.992399999999996,132.6514
1414.0,4.71,15.1858,33.910399999999996,132.48
1415.0,4.71333,15.1976,33.8347,132.27460000000002
1416.0,4.71667,15.196100000000001,33.749700000000004,132.0817
1417.0,4.72,15.198500000000001,33.6617,131.8843
1418.0,4.72333,15.2032,33.5951,131.6739
1419.0,4.72667,15.2138,33.511399999999995,131.4634
1420.0,4.73,15.217500000000001,33.4385,131.2469
1421.0,4.73333,15.227699999999999,33.36,131.03969999999998
1422.0,4.73667,15.252,33.285399999999996,130.8163
1423.0,4.74,15.2486,33.2073,130.5816
1424.0,4.74333,15.2517,33.124,130.3423
1425.0,4.74667,15.252099999999999,33.048500000000004,130.1053
1426.0,4.75,15.258000000000001,32.9765,129.852
1427.0,4.75333,15.2657,32.8926,129.5985
1428.0,4.75667,15.272200000000002,32.8235,129.345
1429.0,4.76,15.279599999999999,32.7512,129.0878
1430.0,4.76333,15.296000000000001,32.6709,128.8342
1431.0,4.76667,15.2888,32.5918,128.5583
1432.0,4.77,15.305000000000001,32.5145,128.2785
1433.0,4.77333,15.312100000000001,32.4396,128.0014
1434.0,4.77667,15.3148,32.369600000000005,127.72670000000001
1435.0,4.78,15.3398,32.2936,127.4478
1436.0,4.78333,15.3383,32.2037,127.14359999999999
1437.0,4.78667,15.3349,32.146,126.8577
1438.0,4.79,15.3499,32.0692,126.54960000000001
1439.0,4.79333,15.358799999999999,31.9901,126.25609999999999
1440.0,4.79667,15.3642,31.9169,125.9399
1441.0,4.8,15.3768,31.8373,125.6317
1442.0,4.80333,15.3786,31.7742,125.3241
1443.0,4.80667,15.3935,31.6904,124.998
1444.0,4.81,15.4072,31.6221,124.6754
1445.0,4.81333,15.4025,31.5486,124.3536
1446.0,4.81667,15.4017,31.4858,124.0307
1447.0,4.82,15.422300000000002,31.401,123.6772
1448.0,4.82333,15.4388,31.326,123.3561
1449.0,4.82667,15.4365,31.2563,123.0113
1450.0,4.83,15.4412,31.1916,122.66590000000001
1451.0,4.83333,15.4603,31.1101,122.31859999999999
1452.0,4.83667,15.464599999999999,31.038400000000003,121.9722
1453.0,4.84,15.4766,30.968400000000003,121.61800000000001
1454.0,4.84333,15.4827,30.9007,121.26140000000001
1455.0,4.84667,15.494499999999999,30.8286,120.8996
1456.0,4.85,15.495099999999999,30.7548,120.54090000000001
1457.0,4.85333,15.507,30.6877,120.1783
1458.0,4.85667,15.523599999999998,30.614600000000003,119.8075
1459.0,4.86,15.5232,30.550400000000003,119.43320000000001
1460.0,4.86333,15.5358,30.475900000000003,119.0735
1461.0,4.86667,15.549700000000001,30.407600000000002,118.69069999999999
1462.0,4.87,15.5625,30.3328,118.32570000000001
1463.0,4.87333,15.572,30.2793,117.9224
1464.0,4.87667,15.589099999999998,30.207100000000004,117.5471
1465.0,4.88,15.5879,30.1286,117.17
1466.0,4.88333,15.605,30.0639,116.782
1467.0,4.88667,15.6132,30.004199999999997,116.4056
1468.0,4.89,15.616399999999999,29.935700000000004,116.001
1469.0,4.89333,15.6354,29.857999999999997,115.6078
1470.0,4.89667,15.648,29.7849,115.2221
1471.0,4.9,15.6457,29.724,114.8212
1472.0,4.90333,15.6634,29.669,114.43879999999999
1473.0,4.90667,15.6808,29.583,114.0402
1474.0,4.91,15.680699999999998,29.517899999999997,113.6414
1475.0,4.91333,15.7105,29.4523,113.2365
1476.0,4.91667,15.709800000000001,29.397699999999997,112.83430000000001
1477.0,4.92,15.7287,29.326900000000002,112.44300000000001
1478.0,4.92333,15.7423,29.259300000000003,112.0328
1479.0,4.92667,15.7441,29.1824,111.6336
1480.0,4.93,15.7606,29.1382,111.2228
1481.0,4.93333,15.7778,29.070100000000004,110.8208
1482.0,4.93667,15.7898,29.0029,110.4055
1483.0,4.94,15.8036,28.942500000000003,109.99949999999998
1484.0,4.94333,15.811000000000002,28.874299999999998,109.5927
1485.0,4.94667,15.8306,28.8214,109.1711
1486.0,4.95,15.8442,28.7603,108.7509
1487.0,4.95333,15.8546,28.691399999999998,108.3339
1488.0,4.95667,15.881800000000002,28.6325,107.92699999999999
1489.0,4.96,15.8807,28.5657,107.50229999999999
1490.0,4.96333,15.9047,28.497500000000002,107.07360000000001
1491.0,4.96667,15.9121,28.4583,106.6662
1492.0,4.97,15.9346,28.3872,106.24269999999999
1493.0,4.97333,15.9372,28.3299,105.8288
1494.0,4.97667,15.960400000000002,28.265800000000002,105.4008
1495.0,4.98,15.980500000000001,28.2154,104.9771
1496.0,4.98333,15.9882,28.1532,104.5595
1497.0,4.98667,16.0129,28.113,104.1481
1498.0,4.99,16.0258,28.036,103.71679999999999
1499.0,4.99333,16.0435,27.9874,103.3066
1500.0,4.99667,16.050800000000002,27.9284,102.88250000000001
1501.0,5.0,16.0707,27.869999999999997,102.45920000000001
1502.0,5.00333,16.0883,27.833499999999997,102.051
1503.0,5.00667,16.1166,27.7565,101.6138
1504.0,5.01,16.1233,27.712400000000002,101.184
1505.0,5.01333,16.1478,27.6556,100.7661
1506.0,5.01667,16.1657,27.5996,100.3355
1507.0,5.02,16.1887,27.5483,99.9241
1508.0,5.02333,16.2104,27.495600000000003,99.483
1509.0,5.02667,16.223300000000002,27.450799999999997,99.0578
1510.0,5.03,16.243199999999998,27.388099999999998,98.63390000000001
1511.0,5.03333,16.2606,27.338600000000003,98.2022
1512.0,5.03667,16.296100000000003,27.2885,97.7861
1513.0,5.04,16.3109,27.248700000000003,97.3621
1514.0,5.04333,16.3433,27.203699999999998,96.92580000000001
1515.0,5.04667,16.359299999999998,27.1424,96.5072
1516.0,5.05,16.381,27.104300000000002,96.0768
1517.0,5.05333,16.4023,27.052699999999998,95.6437
1518.0,5.05667,16.4212,27.0094,95.21799999999999
1519.0,5.06,16.4397,26.9381,94.78020000000001
1520.0,5.06333,16.4713,26.9193,94.3619
1521.0,5.06667,16.4916,26.8695,93.91749999999999
1522.0,5.07,16.522100000000002,26.822899999999997,93.49640000000001
1523.0,5.07333,16.5394,26.7785,93.0712
1524.0,5.07667,16.5641,26.7365,92.6347
1525.0,5.08,16.5885,26.704,92.2111
1526.0,5.08333,16.6208,26.650299999999998,91.77799999999999
1527.0,5.08667,16.643700000000003,26.6118,91.3591
1528.0,5.09,16.667099999999998,26.588600000000003,90.9187
1529.0,5.09333,16.7,26.5437,90.4813
1530.0,5.09667,16.7257,26.5118,90.0609
1531.0,5.1,16.7427,26.459500000000002,89.6224
1532.0,5.10333,16.7711,26.4397,89.18339999999999
1533.0,5.10667,16.7928,26.4073,88.7588
1534.0,5.11,16.8127,26.3641,88.3023
1535.0,5.11333,16.834200000000003,26.3368,87.88250000000001
1536.0,5.11667,16.862299999999998,26.2937,87.4435
1537.0,5.12,16.8844,26.2646,87.00789999999999
1538.0,5.12333,16.9095,26.2447,86.5814
1539.0,5.12667,16.9426,26.2036,86.1405
1540.0,5.13,16.9637,26.1796,85.6974
1541.0,5.13333,16.9941,26.151,85.2633
1542.0,5.13667,17.014699999999998,26.1195,84.8219
1543.0,5.14,17.041800000000002,26.096899999999998,84.38
1544.0,5.14333,17.0583,26.0661,83.939
1545.0,5.14667,17.090899999999998,26.038400000000003,83.5005
1546.0,5.15,17.1164,26.0173,83.0595
1547.0,5.15333,17.150299999999998,25.9945,82.62010000000001
1548.0,5.15667,17.1751,25.967899999999997,82.1707
1549.0,5.16,17.2053,25.952800000000003,81.7354
1550.0,5.16333,17.2278,25.932499999999997,81.2852
1551.0,5.16667,17.256700000000002,25.9041,80.8376
1552.0,5.17,17.278100000000002,25.895,80.39930000000001
1553.0,5.17333,17.302699999999998,25.8747,79.9433
1554.0,5.17667,17.3444,25.8651,79.4887
1555.0,5.18,17.3553,25.8533,79.0421
1556.0,5.18333,17.3916,25.8428,78.5912
1557.0,5.18667,17.4193,25.8219,78.1486
1558.0,5.19,17.433,25.814100000000003,77.6932
1559.0,5.19333,17.4694,25.8127,77.2488
1560.0,5.19667,17.5002,25.796499999999998,76.79429999999999
1561.0,5.2,17.528399999999998,25.7889,76.3364
1562.0,5.20333,17.5499,25.7911,75.88680000000001
1563.0,5.20667,17.581200000000003,25.770100000000003,75.42699999999999
1564.0,5.21,17.6108,25.7648,74.9793
1565.0,5.21333,17.634800000000002,25.7728,74.5189
1566.0,5.21667,17.676099999999998,25.768099999999997,74.0629
1567.0,5.22,17.6988,25.769600000000004,73.61
1568.0,5.22333,17.7264,25.7657,73.1514
1569.0,5.22667,17.7573,25.776999999999997,72.70309999999999
1570.0,5.23,17.7777,25.7742,72.22670000000001
1571.0,5.23333,17.8203,25.7832,71.77369999999999
1572.0,5.23667,17.8427,25.7877,71.32000000000001
1573.0,5.24,17.8645,25.793799999999997,70.8495
1574.0,5.24333,17.9084,25.8029,70.3921
1575.0,5.24667,17.9463,25.820100000000004,69.9333
1576.0,5.25,17.9664,25.828699999999998,69.4764
1577.0,5.25333,18.0011,25.8351,69.0099
1578.0,5.25667,18.0197,25.848399999999998,68.5378
1579.0,5.26,18.0571,25.8618,68.0732
1580.0,5.26333,18.0985,25.8813,67.6113
1581.0,5.26667,18.1088,25.895699999999998,67.1486
1582.0,5.27,18.152,25.9098,66.6822
1583.0,5.27333,18.1876,25.935899999999997,66.2072
1584.0,5.27667,18.2083,25.953699999999998,65.75410000000001
1585.0,5.28,18.247999999999998,25.9795,65.2791
1586.0,5.28333,18.2759,25.997899999999998,64.8125
1587.0,5.28667,18.3108,26.013299999999997,64.34909999999999
1588.0,5.29,18.3417,26.0383,63.8717
1589.0,5.29333,18.3839,26.073500000000003,63.4178
1590.0,5.29667,18.406399999999998,26.0918,62.9421
1591.0,5.3,18.439,26.1261,62.4807
1592.0,5.30333,18.4786,26.1469,61.9957
1593.0,5.30667,18.5132,26.1757,61.5355
1594.0,5.31,18.543,26.2144,61.0699
1595.0,5.31333,18.5804,26.263799999999996,60.594100000000005
1596.0,5.31667,18.6089,26.285700000000002,60.125099999999996
1597.0,5.32,18.644399999999997,26.3228,59.658
1598.0,5.32333,18.682499999999997,26.343,59.1773
1599.0,5.32667,18.7185,26.399099999999997,58.712300000000006
1600.0,5.33,18.750999999999998,26.429700000000004,58.2376
1601.0,5.33333,18.773500000000002,26.4797,57.7709
1602.0,5.33667,18.8285,26.5126,57.30069999999999
1603.0,5.34,18.854499999999998,26.550599999999996,56.82469999999999
1604.0,5.34333,18.8899,26.598000000000003,56.351099999999995
1605.0,5.34667,18.923099999999998,26.637,55.88289999999999
1606.0,5.35,18.9595,26.6949,55.4097
1607.0,5.35333,18.9968,26.732499999999998,54.9439
1608.0,5.35667,19.0172,26.789800000000003,54.4645
1609.0,5.36,19.0669,26.8397,53.990899999999996
1610.0,5.36333,19.0995,26.9019,53.5212
1611.0,5.36667,19.1389,26.9312,53.0424
1612.0,5.37,19.1684,26.9904,52.58200000000001
1613.0,5.37333,19.2057,27.042399999999997,52.09400000000001
1614.0,5.37667,19.2486,27.1094,51.6287
1615.0,5.38,19.2719,27.1603,51.160000000000004
1616.0,5.38333,19.3081,27.208,50.685
1617.0,5.38667,19.3447,27.287,50.2162
1618.0,5.39,19.384999999999998,27.3375,49.7407
1619.0,5.39333,19.4054,27.4073,49.2622
1620.0,5.39667,19.4585,27.4532,48.792899999999996
1621.0,5.4,19.493199999999998,27.514499999999998,48.324200000000005
1622.0,5.40333,19.5305,27.5799,47.849000000000004
1623.0,5.40667,19.555799999999998,27.652800000000003,47.3752
1624.0,5.41,19.602,27.7132,46.9091
1625.0,5.41333,19.6342,27.786700000000003,46.4325
1626.0,5.41667,19.6744,27.85,45.9645
1627.0,5.42,19.697200000000002,27.924200000000003,45.4885
1628.0,5.42333,19.7411,27.985300000000002,45.0156
1629.0,5.42667,19.7837,28.0697,44.556799999999996
1630.0,5.43,19.8174,28.141000000000002,44.070499999999996
1631.0,5.43333,19.8434,28.2129,43.6031
1632.0,5.43667,19.8849,28.284,43.1416
1633.0,5.44,19.9101,28.3565,42.6666
1634.0,5.44333,19.9634,28.432299999999998,42.195100000000004
1635.0,5.44667,19.9833,28.509500000000003,41.728500000000004
1636.0,5.45,20.0329,28.5853,41.244
1637.0,5.45333,20.0625,28.669099999999997,40.7839
1638.0,5.45667,20.1135,28.7488,40.318200000000004
1639.0,5.46,20.134800000000002,28.8299,39.8452
1640.0,5.46333,20.1715,28.912599999999998,39.3698
1641.0,5.46667,20.2093,28.996100000000002,38.9167
1642.0,5.47,20.2486,29.078300000000002,38.439499999999995
1643.0,5.47333,20.283099999999997,29.1646,37.9735
1644.0,5.47667,20.3129,29.2637,37.504599999999996
1645.0,5.48,20.3591,29.3399,37.0453
1646.0,5.48333,20.389599999999998,29.437,36.5614
1647.0,5.48667,20.4299,29.5272,36.1061
1648.0,5.49,20.4572,29.6133,35.632999999999996
1649.0,5.49333,20.5004,29.698500000000003,35.1722
1650.0,5.49667,20.5303,29.8016,34.700599999999994
1651.0,5.5,20.5655,29.892500000000002,34.2325
1652.0,5.50333,20.6024,29.9868,33.7664
1653.0,5.50667,20.6313,30.0791,33.3098
1654.0,5.51,20.6725,30.1758,32.8391
1655.0,5.51333,20.695,30.272100000000002,32.3706
1656.0,5.51667,20.7414,30.371199999999998,31.907600000000002
1657.0,5.52,20.772,30.4677,31.4529
1658.0,5.52333,20.804499999999997,30.565499999999997,30.981900000000003
1659.0,5.52667,20.839599999999997,30.6718,30.515300000000003
1660.0,5.53,20.878,30.785700000000002,30.056900000000002
1661.0,5.53333,20.915399999999998,30.871,29.5913
1662.0,5.53667,20.932,30.9784,29.1253
1663.0,5.54,20.9726,31.086000000000002,28.6616
1664.0,5.54333,21.0076,31.1933,28.208199999999998
1665.0,5.54667,21.034299999999998,31.2988,27.7372
1666.0,5.55,21.0721,31.398200000000003,27.2723
1667.0,5.55333,21.098599999999998,31.504700000000003,26.816699999999997
1668.0,5.55667,21.1451,31.6073,26.352300000000003
1669.0,5.56,21.1673,31.729300000000002,25.8907
1670.0,5.56333,21.1981,31.8307,25.4238
1671.0,5.56667,21.240000000000002,31.9289,24.9624
1672.0,5.57,21.261400000000002,32.0432,24.5047
1673.0,5.57333,21.303,32.154399999999995,24.040799999999997
1674.0,5.57667,21.331200000000003,32.2704,23.5808
1675.0,5.58,21.3614,32.3806,23.124100000000002
1676.0,5.58333,21.3968,32.4855,22.6648
1677.0,5.58667,21.426,32.6053,22.196199999999997
1678.0,5.59,21.4572,32.713499999999996,21.7387
1679.0,5.59333,21.482,32.8415,21.2775
1680.0,5.59667,21.5088,32.9583,20.8294
1681.0,5.6,21.538999999999998,33.075,20.3676
1682.0,5.60333,21.569200000000002,33.1862,19.906399999999998
1683.0,5.60667,21.602600000000002,33.309,19.4423
1684.0,5.61,21.6235,33.4213,18.9846
1685.0,5.61333,21.6587,33.5449,18.5296
1686.0,5.61667,21.6839,33.6549,18.073
1687.0,5.62,21.718,33.7884,17.6142
1688.0,5.62333,21.7453,33.8997,17.1579
1689.0,5.62667,21.7619,34.0257,16.698
1690.0,5.63,21.7957,34.1442,16.243299999999998
1691.0,5.63333,21.822499999999998,34.265100000000004,15.790600000000001
1692.0,5.63667,21.849899999999998,34.386399999999995,15.3383
1693.0,5.64,21.8772,34.511399999999995,14.883199999999999
1694.0,5.64333,21.9144,34.6107,14.429300000000001
1695.0,5.64667,21.9421,34.7451,13.977699999999999
1696.0,5.65,21.973300000000002,34.863600000000005,13.523500000000002
1697.0,5.65333,21.988300000000002,34.989,13.0772
1698.0,5.65667,22.0227,35.1265,12.632200000000001
1699.0,5.66,22.0399,35.2336,12.1712
1700.0,5.66333,22.066499999999998,35.3677,11.7188
1701.0,5.66667,22.090799999999998,35.496300000000005,11.2855
1702.0,5.67,22.116999999999997,35.619299999999996,10.8259
1703.0,5.67333,22.1372,35.743,10.3768
1704.0,5.67667,22.1546,35.8718,9.9277
1705.0,5.68,22.177799999999998,36.0043,9.4833
1706.0,5.68333,22.2117,36.1282,9.0435
1707.0,5.68667,22.2291,36.2611,8.6115
1708.0,5.69,22.2434,36.3951,8.1645
1709.0,5.69333,22.2667,36.513099999999994,7.7158
1710.0,5.69667,22.2945,36.6396,7.2884
1711.0,5.7,22.3189,36.7708,6.8638
1712.0,5.70333,22.3434,36.9015,6.4315
1713.0,5.70667,22.3671,37.0291,5.9941
1714.0,5.71,22.3826,37.1508,5.569100000000001
1715.0,5.71333,22.4024,37.291000000000004,5.1475
1716.0,5.71667,22.4274,37.415499999999994,4.7287
1717.0,5.72,22.4461,37.5483,4.3127
1718.0,5.72333,22.483,37.5683,4.2492
1719.0,5.72667,22.5046,37.6149,4.4733
1720.0,5.73,22.5088,37.6368,4.6095
1721.0,5.73333,22.5286,37.6137,4.768800000000001
1722.0,5.73667,22.549500000000002,37.6128,4.942
1723.0,5.74,22.5624,37.6106,5.0988999999999995
1724.0,5.74333,22.5826,37.595800000000004,5.2585999999999995
1725.0,5.74667,22.5963,37.6063,5.4158
1726.0,5.75,22.6084,37.5995,5.5832
1727.0,5.75333,22.6219,37.5971,5.7348
1728.0,5.75667,22.6405,37.5925,5.9069
1729.0,5.76,22.6523,37.589299999999994,6.0613
1730.0,5.76333,22.676099999999998,37.5867,6.232
1731.0,5.76667,22.683,37.5758,6.3743
1732.0,5.77,22.699,37.5743,6.5446
1733.0,5.77333,22.7047,37.5738,6.695399999999999
1734.0,5.77667,22.7243,37.5786,6.8543
1735.0,5.78,22.733600000000003,37.566,7.007099999999999
1736.0,5.78333,22.752299999999998,37.567899999999995,7.1541
1737.0,5.78667,22.767699999999998,37.5586,7.299899999999999
1738.0,5.79,22.7752,37.5615,7.437399999999999
1739.0,5.79333,22.7797,37.5539,7.5682
1740.0,5.79667,22.7932,37.5497,7.7078999999999995
1741.0,5.8,22.791800000000002,37.549099999999996,7.8223
1742.0,5.80333,22.813,37.5436,7.9504
1743.0,5.80667,22.8173,37.5409,8.074200000000001
1744.0,5.81,22.821,37.5308,8.1725
1745.0,5.81333,22.834200000000003,37.5291,8.284
1746.0,5.81667,22.8356,37.5199,8.3919
1747.0,5.82,22.8404,37.5163,8.4764
1748.0,5.82333,22.8488,37.5208,8.5672
1749.0,5.82667,22.8627,37.5149,8.659
1750.0,5.83,22.8735,37.5017,8.7357
1751.0,5.83333,22.8768,37.4957,8.802299999999999
1752.0,5.83667,22.875700000000002,37.4959,8.868500000000001
1753.0,5.84,22.881,37.4945,8.927299999999999
1754.0,5.84333,22.8844,37.4895,8.9885
1755.0,5.84667,22.906100000000002,37.4685,9.0333
1756.0,5.85,22.913,37.4696,9.065900000000001
1757.0,5.85333,22.9155,37.4579,9.1004
1758.0,5.85667,22.9183,37.4551,9.1256
1759.0,5.86,22.9177,37.4454,9.144400000000001
1760.0,5.86333,22.9209,37.443200000000004,9.153
1761.0,5.86667,22.9187,37.4417,9.154300000000001
1762.0,5.87,22.9224,37.436099999999996,9.150400000000001
1763.0,5.87333,22.924500000000002,37.4344,9.1395
1764.0,5.87667,22.9244,37.429899999999996,9.1181
1765.0,5.88,22.9293,37.4251,9.0929
1766.0,5.88333,22.9282,37.4234,9.0549
1767.0,5.88667,22.930600000000002,37.4152,9.0165
1768.0,5.89,22.9254,37.4165,8.9641
1769.0,5.89333,22.9202,37.4144,8.8985
1770.0,5.89667,22.9216,37.4062,8.8331
1771.0,5.9,22.924799999999998,37.4037,8.770399999999999
1772.0,5.90333,22.9238,37.3998,8.6866
1773.0,5.90667,22.915,37.400400000000005,8.5905
1774.0,5.91,22.908099999999997,37.396100000000004,8.4864
1775.0,5.91333,22.903200000000002,37.4014,8.3931
1776.0,5.91667,22.8966,37.397000000000006,8.2667
1777.0,5.92,22.884700000000002,37.3952,8.1495
1778.0,5.92333,22.886699999999998,37.3915,8.0151
1779.0,5.92667,22.871199999999998,37.3991,7.8782
1780.0,5.93,22.8692,37.3936,7.7223
1781.0,5.93333,22.8622,37.402699999999996,7.5797
1782.0,5.93667,22.8562,37.3956,7.3927000000000005
1783.0,5.94,22.8635,37.3825,7.2373
1784.0,5.94333,22.853299999999997,37.376999999999995,7.048900000000001
1785.0,5.94667,22.8448,37.381,6.8581
1786.0,5.95,22.8361,37.3818,6.660500000000001
1787.0,5.95333,22.8247,37.3797,6.4566
1788.0,5.95667,22.8177,37.3857,6.2294
1789.0,5.96,22.8047,37.382799999999996,6.004
1790.0,5.96333,22.7975,37.388600000000004,5.7768
1791.0,5.96667,22.7852,37.3875,5.5403
1792.0,5.97,22.7673,37.3942,5.2795000000000005
1793.0,5.97333,22.7755,37.4035,5.0329
1794.0,5.97667,22.8861,37.4422,4.9592
1795.0,5.98,23.069200000000002,37.4692,4.9283
1796.0,5.98333,23.220599999999997,37.5071,4.8724
1797.0,5.98667,23.384700000000002,37.544200000000004,4.821
1798.0,5.99,23.5506,37.575,4.735
1799.0,5.99333,23.694499999999998,37.61,4.6464
1800.0,5.99667,23.8217,37.6242,4.5896
1801.0,6.0,23.8628,37.6365,4.6777999999999995
1802.0,6.00333,23.8769,37.637,4.7366
1803.0,6.00667,23.9019,37.6442,4.8066
1804.0,6.01,23.9175,37.6596,4.8622
1805.0,6.01333,23.9359,37.671800000000005,4.9193
1806.0,6.01667,23.9586,37.6824,4.955299999999999
1807.0,6.02,23.9784,37.687,4.9825
1808.0,6.02333,24.0004,37.697,4.9988
1809.0,6.02667,24.024700000000003,37.708800000000004,5.0048
1810.0,6.03,24.0513,37.7205,5.0065
1811.0,6.03333,24.0684,37.7301,4.996
1812.0,6.03667,24.0882,37.7433,4.9772
1813.0,6.04,24.1112,37.7598,4.9443
1814.0,6.04333,24.1357,37.771300000000004,4.909599999999999
1815.0,6.04667,24.1792,37.7628,4.8778
1816.0,6.05,24.204,37.7829,4.8177
1817.0,6.05333,24.2251,37.798500000000004,4.7577
1818.0,6.05667,24.2414,37.812599999999996,4.6859
1819.0,6.06,24.2743,37.842200000000005,4.6146
1820.0,6.06333,24.330199999999998,37.894099999999995,4.567
1821.0,6.06667,24.366300000000003,37.926,4.4946
1822.0,6.07,24.433600000000002,37.945100000000004,4.4408
1823.0,6.07333,24.494999999999997,37.9527,4.3965000000000005
1824.0,6.07667,24.5189,37.9385,4.3906
1825.0,6.08,24.5458,37.9322,4.392
1826.0,6.08333,24.5614,37.9233,4.3886
1827.0,6.08667,24.5837,37.9294,4.3847000000000005
1828.0,6.09,24.6007,37.936,4.3850999999999996
1829.0,6.09333,24.6215,37.935700000000004,4.3903
1830.0,6.09667,24.6295,37.9362,4.3936
