Frame,Time,X (m),Y (m),Z (m)
477.0,1.58667,3.0138,2.03619,0.44756999999999997
478.0,1.59,3.0143299999999997,2.03618,0.44876
479.0,1.59333,3.01451,2.03614,0.45004
480.0,1.59667,3.01491,2.03606,0.45154000000000005
481.0,1.6,3.01531,2.03572,0.45389
482.0,1.60333,3.01556,2.03609,0.45558
483.0,1.60667,3.0155900000000004,2.03633,0.45776000000000006
484.0,1.61,3.01574,2.03657,0.45987
485.0,1.61333,3.0162299999999997,2.03659,0.46177999999999997
486.0,1.61667,3.01659,2.03757,0.46391
487.0,1.62,3.0170100000000004,2.03803,0.46633
488.0,1.62333,3.01741,2.03802,0.46846
489.0,1.62667,3.01788,2.0382599999999997,0.47063000000000005
490.0,1.63,3.01801,2.03821,0.47307000000000005
491.0,1.63333,3.01815,2.03846,0.47544
492.0,1.63667,3.01778,2.03816,0.47787
493.0,1.64,3.01737,2.03827,0.48005000000000003
494.0,1.64333,3.0171300000000003,2.03857,0.48345999999999995
495.0,1.64667,3.0169900000000003,2.03892,0.4858
496.0,1.65,3.01641,2.03966,0.48851999999999995
497.0,1.65333,3.01626,2.04047,0.49155
498.0,1.65667,3.0158,2.04084,0.49398000000000003
499.0,1.66,3.0155700000000003,2.04123,0.49693
500.0,1.66333,3.0152699999999997,2.04229,0.49961
501.0,1.66667,3.01536,2.04318,0.50271
502.0,1.67,3.0151600000000003,2.0441599999999998,0.50586
503.0,1.67333,3.01532,2.04475,0.50951
504.0,1.67667,3.0152300000000003,2.04544,0.51278
505.0,1.68,3.01464,2.04683,0.51648
506.0,1.68333,3.01395,2.0479,0.5201
507.0,1.68667,3.0131599999999996,2.04812,0.52362
508.0,1.69,3.0123200000000003,2.0481,0.52719
509.0,1.69333,3.01191,2.04986,0.53126
510.0,1.69667,3.01192,2.05132,0.5351400000000001
511.0,1.7,3.01303,2.05143,0.5399
512.0,1.70333,3.01276,2.05271,0.5452400000000001
513.0,1.70667,3.01182,2.05453,0.54994
514.0,1.71,3.01101,2.05586,0.55426
515.0,1.71333,3.0108800000000002,2.05735,0.55869
516.0,1.71667,3.0101999999999998,2.05852,0.5635600000000001
517.0,1.72,3.00955,2.06031,0.5686800000000001
518.0,1.72333,3.0092000000000003,2.06205,0.57462
519.0,1.72667,3.0088299999999997,2.0635499999999998,0.58012
520.0,1.73,3.0082,2.06537,0.58543
521.0,1.73333,3.0069299999999997,2.06714,0.59112
522.0,1.73667,3.00534,2.0690299999999997,0.59634
523.0,1.74,3.00424,2.07131,0.60193
524.0,1.74333,3.00442,2.07456,0.60798
525.0,1.74667,3.0044799999999996,2.07625,0.61476
526.0,1.75,3.0024200000000003,2.07723,0.62017
527.0,1.75333,3.00072,2.0787299999999997,0.6269100000000001
528.0,1.75667,2.9994400000000003,2.08175,0.63354
529.0,1.76,2.99824,2.08435,0.6405500000000001
530.0,1.76333,2.9969799999999998,2.08637,0.6467
531.0,1.76667,2.99567,2.08946,0.6533199999999999
532.0,1.77,2.9939999999999998,2.09192,0.66065
533.0,1.77333,2.99288,2.09442,0.6674800000000001
534.0,1.77667,2.99147,2.09674,0.67495
535.0,1.78,2.98989,2.10007,0.68234
536.0,1.78333,2.98825,2.10252,0.6896599999999999
537.0,1.78667,2.98708,2.10495,0.6962600000000001
538.0,1.79,2.98517,2.10919,0.7048399999999999
539.0,1.79333,2.98387,2.1126,0.71269
540.0,1.79667,2.98178,2.11541,0.71968
541.0,1.8,2.9795800000000003,2.11794,0.7275
542.0,1.80333,2.97779,2.12167,0.73615
543.0,1.80667,2.97588,2.12456,0.74398
544.0,1.81,2.9736599999999997,2.12771,0.7526999999999999
545.0,1.81333,2.97079,2.13094,0.76057
546.0,1.81667,2.9682799999999996,2.1352,0.7686700000000001
547.0,1.82,2.96699,2.13855,0.7772100000000001
548.0,1.82333,2.96414,2.1427899999999998,0.7858499999999999
549.0,1.82667,2.9617500000000003,2.14555,0.79443
550.0,1.83,2.95935,2.14973,0.80357
551.0,1.83333,2.95759,2.15375,0.81162
552.0,1.83667,2.9550099999999997,2.15796,0.82003
553.0,1.84,2.95207,2.16147,0.83017
554.0,1.84333,2.94989,2.16504,0.83904
555.0,1.84667,2.947,2.1685,0.84831
556.0,1.85,2.94405,2.17189,0.8569199999999999
557.0,1.85333,2.94039,2.17636,0.8667900000000001
558.0,1.85667,2.9386099999999997,2.18091,0.8759699999999999
559.0,1.86,2.9354700000000005,2.18542,0.8863800000000001
560.0,1.86333,2.93241,2.18917,0.8946500000000001
561.0,1.86667,2.9291300000000002,2.19386,0.90483
562.0,1.87,2.92817,2.19653,0.9158799999999999
563.0,1.87333,2.9257799999999996,2.20019,0.92496
564.0,1.87667,2.92181,2.20593,0.9349500000000001
565.0,1.88,2.9182900000000003,2.2113,0.9444
566.0,1.88333,2.9155,2.2158,0.95467
567.0,1.88667,2.91257,2.21905,0.96541
568.0,1.89,2.90897,2.22399,0.9757899999999999
569.0,1.89333,2.90497,2.22849,0.98555
570.0,1.89667,2.90176,2.2328200000000002,0.99541
571.0,1.9,2.8983499999999998,2.2385099999999998,1.00695
572.0,1.90333,2.8956299999999997,2.24366,1.0164199999999999
573.0,1.90667,2.8919,2.2491499999999998,1.02796
574.0,1.91,2.88858,2.25387,1.03722
575.0,1.91333,2.88537,2.25828,1.04966
576.0,1.91667,2.8813799999999996,2.26337,1.05935
577.0,1.92,2.87769,2.26887,1.06994
578.0,1.92333,2.8735899999999996,2.2754499999999998,1.08066
579.0,1.92667,2.8710700000000005,2.27975,1.0924800000000001
580.0,1.93,2.86758,2.2851,1.10378
581.0,1.93333,2.86355,2.29026,1.1143399999999999
582.0,1.93667,2.8597300000000003,2.29533,1.12589
583.0,1.94,2.85624,2.30099,1.13675
584.0,1.94333,2.85184,2.30787,1.14744
585.0,1.94667,2.84806,2.3131399999999998,1.15984
586.0,1.95,2.84445,2.31818,1.17084
587.0,1.95333,2.84061,2.32425,1.1826
588.0,1.95667,2.83681,2.32987,1.19358
589.0,1.96,2.83298,2.33654,1.20531
590.0,1.96333,2.8290499999999996,2.3432,1.21681
591.0,1.96667,2.8257499999999998,2.34824,1.22782
592.0,1.97,2.82239,2.35429,1.23995
593.0,1.97333,2.81853,2.35977,1.2516500000000002
594.0,1.97667,2.81466,2.3653399999999998,1.26355
595.0,1.98,2.81166,2.37182,1.27492
596.0,1.98333,2.8076299999999996,2.37792,1.2868000000000002
597.0,1.98667,2.80338,2.38482,1.2983099999999999
598.0,1.99,2.8017399999999997,2.38912,1.3110499999999998
599.0,1.99333,2.79728,2.39475,1.32236
600.0,1.99667,2.79445,2.40199,1.33452
601.0,2.0,2.7910700000000004,2.40766,1.34471
602.0,2.00333,2.7866000000000004,2.4146,1.35758
603.0,2.00667,2.78335,2.41972,1.36883
604.0,2.01,2.7806599999999997,2.4276,1.38238
605.0,2.01333,2.77619,2.4340100000000002,1.393
606.0,2.01667,2.77296,2.4400999999999997,1.40515
607.0,2.02,2.7691199999999996,2.4456,1.4169999999999998
608.0,2.02333,2.76534,2.45301,1.42906
609.0,2.02667,2.76141,2.45851,1.44008
610.0,2.03,2.75722,2.46525,1.452
611.0,2.03333,2.75435,2.4707,1.46421
612.0,2.03667,2.75039,2.47708,1.47593
613.0,2.04,2.74729,2.48382,1.48802
614.0,2.04333,2.74379,2.4896700000000003,1.49912
615.0,2.04667,2.74056,2.49559,1.5117699999999998
616.0,2.05,2.73643,2.5027,1.52404
617.0,2.05333,2.7328300000000003,2.50835,1.5358500000000002
618.0,2.05667,2.73002,2.51548,1.54722
619.0,2.06,2.72581,2.52137,1.5593700000000001
620.0,2.06333,2.72298,2.52773,1.5712899999999999
621.0,2.06667,2.71964,2.53344,1.58284
622.0,2.07,2.71704,2.54194,1.5964599999999998
623.0,2.07333,2.71399,2.54825,1.60626
624.0,2.07667,2.7100099999999996,2.55568,1.61924
625.0,2.08,2.70734,2.5611900000000003,1.6303100000000001
626.0,2.08333,2.70507,2.5689499999999996,1.64327
627.0,2.08667,2.70037,2.57459,1.6539599999999999
628.0,2.09,2.69717,2.58168,1.6660300000000001
629.0,2.09333,2.6947500000000004,2.5883300000000005,1.67808
630.0,2.09667,2.69028,2.5955399999999997,1.69002
631.0,2.1,2.68673,2.60166,1.70201
632.0,2.10333,2.6831400000000003,2.60769,1.71375
633.0,2.10667,2.68028,2.61565,1.7262700000000002
634.0,2.11,2.6763999999999997,2.62147,1.7375
635.0,2.11333,2.67313,2.6290899999999997,1.74892
636.0,2.11667,2.6700999999999997,2.63611,1.7621600000000002
637.0,2.12,2.66709,2.6434699999999998,1.7744499999999999
638.0,2.12333,2.6642099999999997,2.6498500000000003,1.78571
639.0,2.12667,2.66063,2.65687,1.79739
640.0,2.13,2.6588,2.66384,1.80972
641.0,2.13333,2.65462,2.67132,1.8216999999999999
642.0,2.13667,2.6512000000000002,2.67798,1.83344
643.0,2.14,2.64789,2.68416,1.8459200000000002
644.0,2.14333,2.64392,2.69139,1.85839
645.0,2.14667,2.64148,2.6988499999999997,1.87001
646.0,2.15,2.63779,2.70578,1.8811600000000002
647.0,2.15333,2.63488,2.7132,1.8954
648.0,2.15667,2.63206,2.71939,1.9062200000000002
649.0,2.16,2.6275099999999996,2.72767,1.91853
650.0,2.16333,2.6252999999999997,2.7339800000000003,1.93102
651.0,2.16667,2.62252,2.74166,1.94371
652.0,2.17,2.61921,2.7497000000000003,1.9558799999999998
653.0,2.17333,2.6171100000000003,2.75609,1.96666
654.0,2.17667,2.61384,2.76497,1.9809700000000001
655.0,2.18,2.61029,2.7714299999999996,1.99181
656.0,2.18333,2.6069299999999997,2.77868,2.00405
657.0,2.18667,2.6038900000000003,2.78652,2.0173900000000002
658.0,2.19,2.60175,2.79366,2.0292
659.0,2.19333,2.59835,2.80116,2.04101
660.0,2.19667,2.5953199999999996,2.80906,2.05403
661.0,2.2,2.5924,2.81602,2.06656
662.0,2.20333,2.58912,2.82441,2.07896
663.0,2.20667,2.58567,2.8320100000000004,2.0906800000000003
664.0,2.21,2.5837,2.8388999999999998,2.10399
665.0,2.21333,2.58074,2.84686,2.11604
666.0,2.21667,2.5776799999999995,2.85353,2.12746
667.0,2.22,2.57458,2.86267,2.14136
668.0,2.22333,2.57148,2.8695299999999997,2.15288
669.0,2.22667,2.56825,2.87677,2.16562
670.0,2.23,2.5656499999999998,2.88471,2.17786
671.0,2.23333,2.56356,2.89267,2.19139
672.0,2.23667,2.56053,2.90045,2.2025200000000003
673.0,2.24,2.5572399999999997,2.9085199999999998,2.21482
674.0,2.24333,2.55473,2.91658,2.22903
675.0,2.24667,2.55198,2.9241,2.24019
676.0,2.25,2.54762,2.93182,2.25251
677.0,2.25333,2.5467400000000002,2.93912,2.26622
678.0,2.25667,2.54297,2.94751,2.27811
679.0,2.26,2.54003,2.9547000000000003,2.28967
680.0,2.26333,2.5372,2.9637000000000002,2.3035300000000003
681.0,2.26667,2.53367,2.9704099999999998,2.31642
682.0,2.27,2.53144,2.97822,2.3287999999999998
683.0,2.27333,2.5277600000000002,2.9872699999999996,2.34197
684.0,2.27667,2.52602,2.9947500000000002,2.35474
685.0,2.28,2.52256,3.0022699999999998,2.36648
686.0,2.28333,2.51882,3.0114900000000002,2.37933
687.0,2.28667,2.51678,3.01828,2.39299
688.0,2.29,2.5136000000000003,3.02656,2.4054599999999997
689.0,2.29333,2.51016,3.03382,2.41775
690.0,2.29667,2.50896,3.04245,2.43253
691.0,2.3,2.50523,3.0501400000000003,2.44366
692.0,2.30333,2.50261,3.05979,2.45629
693.0,2.30667,2.4998400000000003,3.06665,2.46929
694.0,2.31,2.49658,3.07442,2.48262
695.0,2.31333,2.49366,3.0823899999999997,2.49551
696.0,2.31667,2.4918199999999997,3.09111,2.50908
697.0,2.32,2.48897,3.0985199999999997,2.5215199999999998
698.0,2.32333,2.4857,3.10821,2.5335900000000002
699.0,2.32667,2.48278,3.1153899999999997,2.54775
700.0,2.33,2.48005,3.1225099999999997,2.5604
701.0,2.33333,2.47688,3.13135,2.57357
702.0,2.33667,2.47457,3.13957,2.58653
703.0,2.34,2.47226,3.1473,2.59996
704.0,2.34333,2.4685,3.1565,2.6126400000000003
705.0,2.34667,2.46681,3.16189,2.6261200000000002
706.0,2.35,2.4632400000000003,3.17139,2.63943
707.0,2.35333,2.46108,3.1792399999999996,2.65217
708.0,2.35667,2.45893,3.1871199999999997,2.66659
709.0,2.36,2.45574,3.19561,2.67938
710.0,2.36333,2.45368,3.20344,2.6919
711.0,2.36667,2.45009,3.21232,2.7055599999999997
712.0,2.37,2.44748,3.22047,2.7172199999999997
713.0,2.37333,2.4441800000000002,3.22924,2.73165
714.0,2.37667,2.44312,3.23685,2.74573
715.0,2.38,2.44041,3.2446699999999997,2.75808
716.0,2.38333,2.43711,3.2540199999999997,2.77163
717.0,2.38667,2.43535,3.2612,2.78444
718.0,2.39,2.43165,3.27051,2.79832
719.0,2.39333,2.42966,3.2792000000000003,2.81099
720.0,2.39667,2.42749,3.2864299999999997,2.8245999999999998
721.0,2.4,2.42415,3.29603,2.8380099999999997
722.0,2.40333,2.42172,3.3030500000000003,2.85082
723.0,2.40667,2.41853,3.31272,2.86519
724.0,2.41,2.4154400000000003,3.31985,2.87726
725.0,2.41333,2.4132499999999997,3.32954,2.89113
726.0,2.41667,2.41007,3.33816,2.90442
727.0,2.42,2.40793,3.3456200000000003,2.91741
728.0,2.42333,2.40505,3.3538799999999998,2.93202
729.0,2.42667,2.40249,3.36293,2.94471
730.0,2.43,2.3999,3.37179,2.9580200000000003
731.0,2.43333,2.39682,3.38046,2.97221
732.0,2.43667,2.39453,3.38857,2.98524
733.0,2.44,2.39222,3.3975,2.9994799999999997
734.0,2.44333,2.39042,3.40611,3.0122199999999997
735.0,2.44667,2.38714,3.41431,3.0263
736.0,2.45,2.38504,3.4224,3.04034
737.0,2.45333,2.38209,3.43136,3.0532999999999997
738.0,2.45667,2.37885,3.4404700000000004,3.06681
739.0,2.46,2.3775299999999997,3.4475700000000002,3.08021
740.0,2.46333,2.37391,3.45663,3.09418
741.0,2.46667,2.37175,3.46511,3.1078300000000003
742.0,2.47,2.36956,3.47439,3.1216199999999996
743.0,2.47333,2.36639,3.4822100000000002,3.1346100000000003
744.0,2.47667,2.36382,3.4906200000000003,3.14727
745.0,2.48,2.36139,3.50023,3.1630700000000003
746.0,2.48333,2.35939,3.5079700000000003,3.1762
747.0,2.48667,2.35692,3.51752,3.1889100000000004
748.0,2.49,2.3550299999999997,3.5259899999999997,3.2040699999999998
749.0,2.49333,2.35157,3.53403,3.21698
750.0,2.49667,2.34905,3.5427999999999997,3.23036
751.0,2.5,2.34736,3.55254,3.24569
752.0,2.50333,2.34444,3.56092,3.25751
753.0,2.50667,2.3431100000000002,3.5693900000000003,3.27226
754.0,2.51,2.3396500000000002,3.5791500000000003,3.2868
755.0,2.51333,2.33788,3.58695,3.29976
756.0,2.51667,2.33512,3.5968400000000003,3.3145299999999995
757.0,2.52,2.33251,3.60526,3.32769
758.0,2.52333,2.33048,3.61362,3.3414699999999997
759.0,2.52667,2.32776,3.6229500000000003,3.3571
760.0,2.53,2.32532,3.63103,3.3695800000000005
761.0,2.53333,2.32319,3.64021,3.38456
762.0,2.53667,2.32022,3.6494299999999997,3.39866
763.0,2.54,2.3172900000000003,3.6582999999999997,3.41242
764.0,2.54333,2.31527,3.6670499999999997,3.4268
765.0,2.54667,2.3127,3.6762200000000003,3.44101
766.0,2.55,2.31006,3.6855399999999996,3.4555399999999996
767.0,2.55333,2.30766,3.6935599999999997,3.4701600000000004
768.0,2.55667,2.3049,3.7029199999999998,3.48409
769.0,2.56,2.3021700000000003,3.7122100000000002,3.49822
770.0,2.56333,2.29976,3.72214,3.51317
771.0,2.56667,2.29739,3.72943,3.5274
772.0,2.57,2.2952,3.73809,3.54224
773.0,2.57333,2.29226,3.74853,3.55695
774.0,2.57667,2.29108,3.7567500000000003,3.57096
775.0,2.58,2.28695,3.76587,3.58576
776.0,2.58333,2.28551,3.77556,3.6006400000000003
777.0,2.58667,2.28273,3.78457,3.61563
778.0,2.59,2.2805,3.79325,3.6301
779.0,2.59333,2.27822,3.80223,3.64447
780.0,2.59667,2.27604,3.81149,3.65985
781.0,2.6,2.27266,3.822,3.67456
782.0,2.60333,2.27084,3.83027,3.6890899999999998
783.0,2.60667,2.26808,3.83874,3.70361
784.0,2.61,2.2653499999999998,3.8494099999999998,3.72051
785.0,2.61333,2.26362,3.85726,3.73374
786.0,2.61667,2.2610900000000003,3.86726,3.7488900000000003
787.0,2.62,2.2586500000000003,3.8763,3.7647899999999996
788.0,2.62333,2.25538,3.8847699999999996,3.77906
789.0,2.62667,2.25374,3.89522,3.79486
790.0,2.63,2.25069,3.9045900000000002,3.8090300000000004
791.0,2.63333,2.249,3.91332,3.82433
792.0,2.63667,2.24673,3.92236,3.84006
793.0,2.64,2.2432499999999997,3.93142,3.85428
794.0,2.64333,2.24233,3.94176,3.8701499999999998
795.0,2.64667,2.23823,3.95043,3.88561
796.0,2.65,2.2365,3.9598899999999997,3.9002999999999997
797.0,2.65333,2.2336,3.96907,3.9161900000000003
798.0,2.65667,2.2313,3.97725,3.93047
799.0,2.66,2.22947,3.98729,3.9475
800.0,2.66333,2.22669,3.9962400000000002,3.9616000000000002
801.0,2.66667,2.22407,4.00637,3.97677
802.0,2.67,2.22147,4.01485,3.9928399999999997
803.0,2.67333,2.21855,4.02404,4.00861
804.0,2.67667,2.21714,4.03311,4.02393
805.0,2.68,2.2148,4.04237,4.0391
806.0,2.68333,2.21281,4.05133,4.05461
807.0,2.68667,2.21124,4.06118,4.0711200000000005
808.0,2.69,2.2077,4.07069,4.08615
809.0,2.69333,2.20609,4.07853,4.10106
810.0,2.69667,2.20309,4.08795,4.11757
811.0,2.7,2.20172,4.09692,4.13319
812.0,2.70333,2.19971,4.10646,4.14841
813.0,2.70667,2.19759,4.11466,4.16367
814.0,2.71,2.19484,4.1242399999999995,4.18032
815.0,2.71333,2.19227,4.13269,4.19501
816.0,2.71667,2.19029,4.14222,4.21023
817.0,2.72,2.18815,4.15123,4.22677
818.0,2.72333,2.18663,4.15944,4.24258
819.0,2.72667,2.1847,4.1680399999999995,4.25752
820.0,2.73,2.18284,4.17693,4.27316
821.0,2.73333,2.17936,4.1862900000000005,4.2901299999999996
822.0,2.73667,2.17786,4.1937299999999995,4.30445
823.0,2.74,2.17567,4.20284,4.32035
824.0,2.74333,2.1734999999999998,4.21145,4.3368
825.0,2.74667,2.17117,4.220079999999999,4.35189
826.0,2.75,2.16959,4.22769,4.36731
827.0,2.75333,2.16689,4.2368500000000004,4.3834100000000005
828.0,2.75667,2.16518,4.24438,4.39911
829.0,2.76,2.16332,4.254239999999999,4.4156
830.0,2.76333,2.16045,4.2626100000000005,4.43045
831.0,2.76667,2.1593199999999997,4.270230000000001,4.44709
832.0,2.77,2.1558699999999997,4.2798300000000005,4.46227
833.0,2.77333,2.15488,4.2877600000000005,4.4785
834.0,2.77667,2.1518100000000002,4.2961,4.49395
835.0,2.78,2.15069,4.30459,4.5102
836.0,2.78333,2.14955,4.3132,4.52639
837.0,2.78667,2.14756,4.32055,4.54058
838.0,2.79,2.14579,4.329289999999999,4.55864
839.0,2.79333,2.14306,4.33812,4.57345
840.0,2.79667,2.1425,4.34563,4.58909
841.0,2.8,2.13958,4.35414,4.60552
842.0,2.80333,2.13862,4.36223,4.621379999999999
843.0,2.80667,2.13724,4.371,4.6370499999999995
844.0,2.81,2.13528,4.37904,4.65312
845.0,2.81333,2.13357,4.38601,4.66994
846.0,2.81667,2.13139,4.39532,4.6838999999999995
847.0,2.82,2.1312200000000003,4.40332,4.70109
848.0,2.82333,2.1295699999999997,4.41207,4.71759
849.0,2.82667,2.128,4.41969,4.73265
850.0,2.83,2.12637,4.42772,4.74878
851.0,2.83333,2.1239,4.43448,4.76525
852.0,2.83667,2.12249,4.44306,4.78156
853.0,2.84,2.12077,4.45033,4.7966500000000005
854.0,2.84333,2.1200200000000002,4.45744,4.81325
855.0,2.84667,2.11775,4.46683,4.82937
856.0,2.85,2.11645,4.47412,4.8449599999999995
857.0,2.85333,2.11422,4.481190000000001,4.86204
858.0,2.85667,2.1129599999999997,4.48879,4.87689
859.0,2.86,2.1114699999999997,4.49644,4.8933100000000005
860.0,2.86333,2.1109299999999998,4.50443,4.909940000000001
861.0,2.86667,2.1095699999999997,4.51185,4.92583
862.0,2.87,2.10821,4.51964,4.9418
863.0,2.87333,2.10745,4.52698,4.95803
864.0,2.87667,2.10464,4.53483,4.97444
865.0,2.88,2.1036,4.5416300000000005,4.99047
866.0,2.88333,2.10332,4.5501499999999995,5.00645
867.0,2.88667,2.10155,4.55751,5.02216
868.0,2.89,2.10129,4.56501,5.03884
869.0,2.89333,2.09898,4.57214,5.05497
870.0,2.89667,2.09857,4.57889,5.07087
871.0,2.9,2.09706,4.58629,5.08735
872.0,2.90333,2.0963,4.59353,5.10395
873.0,2.90667,2.0953399999999998,4.60016,5.11971
874.0,2.91,2.09435,4.60848,5.135879999999999
875.0,2.91333,2.0937200000000002,4.61474,5.15197
876.0,2.91667,2.09174,4.62221,5.16808
877.0,2.92,2.09076,4.6291,5.18475
878.0,2.92333,2.09047,4.6361799999999995,5.20036
879.0,2.92667,2.0891,4.643330000000001,5.21723
880.0,2.93,2.0884899999999997,4.65055,5.2329
881.0,2.93333,2.08684,4.6573899999999995,5.2496
882.0,2.93667,2.08614,4.66389,5.26587
883.0,2.94,2.08453,4.67167,5.2818700000000005
884.0,2.94333,2.08433,4.67779,5.29851
885.0,2.94667,2.0836099999999997,4.6846499999999995,5.31412
886.0,2.95,2.08223,4.69198,5.3313
887.0,2.95333,2.08185,4.69832,5.34686
888.0,2.95667,2.0812,4.70495,5.3634
889.0,2.96,2.07971,4.71198,5.3796100000000004
890.0,2.96333,2.07921,4.71739,5.3960799999999995
891.0,2.96667,2.07862,4.72504,5.41245
892.0,2.97,2.07868,4.73143,5.428920000000001
893.0,2.97333,2.07784,4.73815,5.44505
894.0,2.97667,2.07678,4.74526,5.4615599999999995
895.0,2.98,2.07646,4.75123,5.478440000000001
896.0,2.98333,2.07444,4.75753,5.49446
897.0,2.98667,2.07475,4.764460000000001,5.51108
898.0,2.99,2.07437,4.77104,5.52696
899.0,2.99333,2.07349,4.77723,5.54466
900.0,2.99667,2.07273,4.78313,5.55984
901.0,3.0,2.07218,4.78934,5.57669
902.0,3.00333,2.07103,4.79575,5.59306
903.0,3.00667,2.07069,4.8021199999999995,5.61048
904.0,3.01,2.06939,4.80745,5.62641
905.0,3.01333,2.07004,4.81389,5.642759999999999
906.0,3.01667,2.06954,4.82095,5.65892
907.0,3.02,2.06841,4.82692,5.67652
908.0,3.02333,2.0680099999999997,4.8327800000000005,5.69187
909.0,3.02667,2.06774,4.83824,5.709109999999999
910.0,3.03,2.06611,4.84403,5.72526
911.0,3.03333,2.06683,4.8506,5.742050000000001
912.0,3.03667,2.06548,4.85685,5.75933
913.0,3.04,2.06618,4.8620600000000005,5.77502
914.0,3.04333,2.06512,4.86903,5.7915
915.0,3.04667,2.0644,4.8740499999999995,5.80985
916.0,3.05,2.0638300000000003,4.87895,5.82487
917.0,3.05333,2.06273,4.88581,5.84227
918.0,3.05667,2.06201,4.89147,5.85896
919.0,3.06,2.06203,4.89666,5.87575
920.0,3.06333,2.0609,4.90168,5.89273
921.0,3.06667,2.06095,4.90855,5.909120000000001
922.0,3.07,2.06014,4.91401,5.92546
923.0,3.07333,2.05925,4.91952,5.94279
924.0,3.07667,2.0594300000000003,4.92409,5.9596100000000005
925.0,3.08,2.05761,4.9295800000000005,5.9767399999999995
926.0,3.08333,2.05779,4.9359,5.99375
927.0,3.08667,2.05768,4.94094,6.009729999999999
928.0,3.09,2.0562899999999997,4.9465699999999995,6.0275099999999995
929.0,3.09333,2.05647,4.95249,6.044020000000001
930.0,3.09667,2.05572,4.95702,6.06106
931.0,3.1,2.05465,4.96148,6.07846
932.0,3.10333,2.05348,4.96779,6.09472
933.0,3.10667,2.05263,4.97218,6.11245
934.0,3.11,2.0524,4.97748,6.129059999999999
935.0,3.11333,2.05222,4.98279,6.1465
936.0,3.11667,2.05124,4.98857,6.16291
937.0,3.12,2.0512799999999998,4.9928300000000005,6.17966
938.0,3.12333,2.0508699999999997,4.99802,6.19817
939.0,3.12667,2.04963,5.00366,6.21346
940.0,3.13,2.04955,5.008430000000001,6.23202
941.0,3.13333,2.04821,5.01372,6.24831
942.0,3.13667,2.04784,5.01719,6.2657799999999995
943.0,3.14,2.04732,5.02304,6.2829
944.0,3.14333,2.0462000000000002,5.02888,6.299880000000001
945.0,3.14667,2.0465,5.03314,6.31691
946.0,3.15,2.04559,5.03824,6.3337699999999995
947.0,3.15333,2.04447,5.04302,6.35203
948.0,3.15667,2.04429,5.04757,6.36782
949.0,3.16,2.04382,5.05277,6.385599999999999
950.0,3.16333,2.04311,5.05658,6.40283
951.0,3.16667,2.04251,5.06172,6.41944
952.0,3.17,2.04083,5.06727,6.43755
953.0,3.17333,2.0409,5.07136,6.45437
954.0,3.17667,2.04054,5.0759,6.47087
955.0,3.18,2.03901,5.08045,6.48966
956.0,3.18333,2.03864,5.0860899999999996,6.50538
957.0,3.18667,2.0377,5.0895600000000005,6.52401
958.0,3.19,2.03688,5.09447,6.54037
959.0,3.19333,2.03741,5.09909,6.55784
960.0,3.19667,2.03519,5.1041300000000005,6.57461
961.0,3.2,2.0348699999999997,5.10802,6.5927999999999995
962.0,3.20333,2.03394,5.11165,6.6090599999999995
963.0,3.20667,2.0333,5.11745,6.62696
964.0,3.21,2.0321000000000002,5.12169,6.644310000000001
965.0,3.21333,2.03178,5.125990000000001,6.661079999999999
966.0,3.21667,2.0306200000000003,5.129969999999999,6.67903
967.0,3.22,2.03019,5.13453,6.69587
968.0,3.22333,2.0286500000000003,5.13844,6.712759999999999
969.0,3.22667,2.02837,5.142939999999999,6.730589999999999
970.0,3.23,2.02825,5.1466899999999995,6.747870000000001
971.0,3.23333,2.02636,5.15061,6.76495
972.0,3.23667,2.026,5.15625,6.78249
973.0,3.24,2.02467,5.15886,6.79955
974.0,3.24333,2.0240199999999997,5.16312,6.817240000000001
975.0,3.24667,2.02303,5.1667499999999995,6.834969999999999
976.0,3.25,2.02231,5.17193,6.85154
977.0,3.25333,2.02149,5.175660000000001,6.86875
978.0,3.25667,2.0213300000000003,5.179930000000001,6.8869299999999996
979.0,3.26,2.02088,5.18352,6.90359
980.0,3.26333,2.01973,5.187799999999999,6.92092
981.0,3.26667,2.01894,5.191369999999999,6.93856
982.0,3.27,2.0172499999999998,5.194249999999999,6.9563
983.0,3.27333,2.0162,5.1976700000000005,6.97394
984.0,3.27667,2.0157499999999997,5.20174,6.9906
985.0,3.28,2.01447,5.20571,7.0086699999999995
986.0,3.28333,2.0127099999999998,5.21026,7.025460000000001
987.0,3.28667,2.01233,5.21328,7.04362
988.0,3.29,2.01088,5.216609999999999,7.06013
989.0,3.29333,2.01012,5.22059,7.078250000000001
990.0,3.29667,2.00855,5.22422,7.09486
991.0,3.3,2.0074,5.22718,7.11291
992.0,3.30333,2.00699,5.23062,7.13024
993.0,3.30667,2.00628,5.234030000000001,7.14722
994.0,3.31,2.00555,5.238479999999999,7.1652
995.0,3.31333,2.00515,5.24076,7.18232
996.0,3.31667,2.00372,5.24433,7.19956
997.0,3.32,2.00209,5.2474300000000005,7.21748
998.0,3.32333,2.00134,5.251,7.23494
999.0,3.32667,1.99984,5.2529200000000005,7.251900000000001
1000.0,3.33,1.9994999999999998,5.25687,7.269629999999999
1001.0,3.33333,1.99897,5.25933,7.28744
1002.0,3.33667,1.99757,5.261979999999999,7.30415
1003.0,3.34,1.99541,5.2657799999999995,7.322150000000001
1004.0,3.34333,1.9946000000000002,5.26827,7.339600000000001
1005.0,3.34667,1.9926,5.2708900000000005,7.3573900000000005
1006.0,3.35,1.9914599999999998,5.27379,7.3744000000000005
1007.0,3.35333,1.9909100000000002,5.27544,7.39159
1008.0,3.35667,1.9885599999999999,5.27963,7.409299999999999
1009.0,3.36,1.98791,5.281369999999999,7.42736
1010.0,3.36333,1.98625,5.28378,7.44424
1011.0,3.36667,1.9846000000000001,5.28669,7.461720000000001
1012.0,3.37,1.9841900000000001,5.28881,7.47938
1013.0,3.37333,1.9831899999999998,5.29148,7.49635
1014.0,3.37667,1.98157,5.29464,7.51475
1015.0,3.38,1.98088,5.2960199999999995,7.53168
1016.0,3.38333,1.9799799999999999,5.29803,7.54991
1017.0,3.38667,1.9775,5.30183,7.56667
1018.0,3.39,1.97699,5.30317,7.585109999999999
1019.0,3.39333,1.97584,5.305879999999999,7.601430000000001
1020.0,3.39667,1.97376,5.307530000000001,7.62062
1021.0,3.4,1.97276,5.30921,7.63647
1022.0,3.40333,1.97148,5.3105899999999995,7.655220000000001
1023.0,3.40667,1.96945,5.31377,7.67178
1024.0,3.41,1.9683000000000002,5.315309999999999,7.6902
1025.0,3.41333,1.96767,5.31836,7.70756
1026.0,3.41667,1.96552,5.31952,7.72511
1027.0,3.42,1.96513,5.32061,7.742859999999999
1028.0,3.42333,1.9635,5.32278,7.760789999999999
1029.0,3.42667,1.96191,5.32533,7.77768
1030.0,3.43,1.96105,5.32671,7.7960400000000005
1031.0,3.43333,1.9605000000000001,5.328880000000001,7.813350000000001
1032.0,3.43667,1.95829,5.32996,7.83133
1033.0,3.44,1.95697,5.331029999999999,7.84903
1034.0,3.44333,1.95642,5.33342,7.86626
1035.0,3.44667,1.954,5.33546,7.88408
1036.0,3.45,1.95298,5.33692,7.90262
1037.0,3.45333,1.95173,5.33687,7.9193299999999995
1038.0,3.45667,1.95041,5.33851,7.93749
1039.0,3.46,1.94866,5.33944,7.95564
1040.0,3.46333,1.94818,5.3399,7.972440000000001
1041.0,3.46667,1.94656,5.34259,7.99152
1042.0,3.47,1.9450100000000001,5.343780000000001,8.00856
1043.0,3.47333,1.94332,5.34403,8.02634
1044.0,3.47667,1.94177,5.3454,8.04416
1045.0,3.48,1.94043,5.3464,8.06229
1046.0,3.48333,1.93987,5.34737,8.07903
1047.0,3.48667,1.93792,5.34844,8.09792
1048.0,3.49,1.9361199999999998,5.34986,8.11527
1049.0,3.49333,1.9347800000000002,5.35002,8.133339999999999
1050.0,3.49667,1.93444,5.35082,8.150789999999999
1051.0,3.5,1.9330600000000002,5.35122,8.168849999999999
1052.0,3.50333,1.93155,5.35203,8.18733
1053.0,3.50667,1.9301599999999999,5.3521600000000005,8.203899999999999
1054.0,3.51,1.9286,5.35281,8.222859999999999
1055.0,3.51333,1.92655,5.35351,8.239650000000001
1056.0,3.51667,1.9258199999999999,5.3539200000000005,8.25792
1057.0,3.52,1.92457,5.35553,8.2751
1058.0,3.52333,1.9223599999999998,5.354690000000001,8.29284
1059.0,3.52667,1.92154,5.35606,8.3108
1060.0,3.53,1.9206899999999998,5.35577,8.32859
1061.0,3.53333,1.9189500000000002,5.35713,8.345410000000001
1062.0,3.53667,1.91689,5.357200000000001,8.36329
1063.0,3.54,1.9158600000000001,5.35777,8.38139
1064.0,3.54333,1.91399,5.35763,8.39836
1065.0,3.54667,1.9124,5.358210000000001,8.41723
1066.0,3.55,1.9111600000000002,5.35809,8.43331
1067.0,3.55333,1.90961,5.357240000000001,8.45125
1068.0,3.55667,1.90839,5.35841,8.46932
1069.0,3.56,1.9059700000000002,5.35873,8.48678
1070.0,3.56333,1.90553,5.3582399999999994,8.50414
1071.0,3.56667,1.90272,5.35746,8.522079999999999
1072.0,3.57,1.90171,5.35836,8.5395
1073.0,3.57333,1.90013,5.35788,8.55633
1074.0,3.57667,1.89964,5.357150000000001,8.57436
1075.0,3.58,1.89762,5.3566899999999995,8.59266
1076.0,3.58333,1.89572,5.35696,8.60971
1077.0,3.58667,1.89494,5.35717,8.627569999999999
1078.0,3.59,1.893,5.3562199999999995,8.64486
1079.0,3.59333,1.89121,5.35594,8.66272
1080.0,3.59667,1.88878,5.355599999999999,8.680259999999999
1081.0,3.6,1.8882400000000001,5.354589999999999,8.69727
1082.0,3.60333,1.88685,5.35424,8.71523
1083.0,3.60667,1.88418,5.35366,8.732709999999999
1084.0,3.61,1.8832499999999999,5.352329999999999,8.74989
1085.0,3.61333,1.8812799999999998,5.352329999999999,8.7682
1086.0,3.61667,1.87972,5.3520199999999996,8.78492
1087.0,3.62,1.87706,5.3519000000000005,8.80259
1088.0,3.62333,1.87555,5.35098,8.82009
1089.0,3.62667,1.8737700000000002,5.34975,8.83783
1090.0,3.63,1.8718000000000001,5.34913,8.85555
1091.0,3.63333,1.86966,5.34746,8.872770000000001
1092.0,3.63667,1.86857,5.3459900000000005,8.891079999999999
1093.0,3.64,1.867,5.34573,8.90801
1094.0,3.64333,1.8644999999999998,5.34508,8.92586
1095.0,3.64667,1.86191,5.34408,8.94334
1096.0,3.65,1.86011,5.3427,8.96048
1097.0,3.65333,1.8581,5.3425199999999995,8.97912
1098.0,3.65667,1.85581,5.3402899999999995,8.99582
1099.0,3.66,1.85421,5.338769999999999,9.01403
1100.0,3.66333,1.8529,5.33816,9.03095
1101.0,3.66667,1.85067,5.3363,9.048869999999999
1102.0,3.67,1.84816,5.335800000000001,9.06643
1103.0,3.67333,1.84578,5.33345,9.08336
1104.0,3.67667,1.84343,5.3324,9.102079999999999
1105.0,3.68,1.84049,5.332190000000001,9.11988
1106.0,3.68333,1.83816,5.32972,9.137599999999999
1107.0,3.68667,1.83675,5.32889,9.15522
1108.0,3.69,1.83486,5.32687,9.17288
1109.0,3.69333,1.83303,5.32561,9.19149
1110.0,3.69667,1.83054,5.32394,9.20853
1111.0,3.7,1.8285,5.3222000000000005,9.22665
1112.0,3.70333,1.8251,5.32107,9.24401
1113.0,3.70667,1.82296,5.31878,9.26211
1114.0,3.71,1.8214,5.31707,9.279819999999999
1115.0,3.71333,1.81886,5.315589999999999,9.298
1116.0,3.71667,1.81625,5.3130999999999995,9.31698
1117.0,3.72,1.81391,5.311609999999999,9.334489999999999
1118.0,3.72333,1.81132,5.30903,9.35233
1119.0,3.72667,1.80769,5.30726,9.37022
1120.0,3.73,1.8054599999999998,5.305890000000001,9.388150000000001
1121.0,3.73333,1.80398,5.30333,9.40626
1122.0,3.73667,1.8012899999999998,5.301939999999999,9.42348
1123.0,3.74,1.79826,5.29912,9.44171
1124.0,3.74333,1.79577,5.2977300000000005,9.4597
1125.0,3.74667,1.79313,5.29468,9.47777
1126.0,3.75,1.7893299999999999,5.29308,9.495280000000001
1127.0,3.75333,1.7871199999999998,5.29275,9.51326
1128.0,3.75667,1.78432,5.29014,9.53087
1129.0,3.76,1.78131,5.28776,9.55
1130.0,3.76333,1.77913,5.28538,9.56705
1131.0,3.76667,1.77583,5.283010000000001,9.58579
1132.0,3.77,1.7728,5.28092,9.60426
1133.0,3.77333,1.7705899999999999,5.27745,9.62117
1134.0,3.77667,1.76719,5.27461,9.6401
1135.0,3.78,1.7644399999999998,5.272519999999999,9.6576
1136.0,3.78333,1.76237,5.268730000000001,9.67589
1137.0,3.78667,1.7597300000000002,5.26593,9.69426
1138.0,3.79,1.75643,5.26337,9.71187
1139.0,3.79333,1.75309,5.2615300000000005,9.7304
1140.0,3.79667,1.75035,5.25837,9.74806
1141.0,3.8,1.74733,5.25648,9.7662
1142.0,3.80333,1.74451,5.25264,9.7849
1143.0,3.80667,1.74082,5.25057,9.80285
1144.0,3.81,1.7387000000000001,5.24843,9.82033
1145.0,3.81333,1.73608,5.24518,9.8385
1146.0,3.81667,1.73229,5.2423,9.85708
1147.0,3.82,1.72919,5.23952,9.87549
1148.0,3.82333,1.72717,5.2361,9.89273
1149.0,3.82667,1.72374,5.2338,9.91076
1150.0,3.83,1.72172,5.22999,9.92975
1151.0,3.83333,1.7185300000000001,5.22782,9.94797
1152.0,3.83667,1.71529,5.22351,9.966090000000001
1153.0,3.84,1.71251,5.22017,9.98408
1154.0,3.84333,1.70916,5.21739,10.0023
1155.0,3.84667,1.70574,5.21376,10.01962
1156.0,3.85,1.70381,5.2099,10.03885
1157.0,3.85333,1.70105,5.20632,10.05698
1158.0,3.85667,1.69763,5.20355,10.07476
1159.0,3.86,1.69397,5.20057,10.09345
1160.0,3.86333,1.69121,5.19769,10.11138
1161.0,3.86667,1.6884000000000001,5.19388,10.1303
1162.0,3.87,1.68615,5.18995,10.14813
1163.0,3.87333,1.68233,5.18705,10.16666
1164.0,3.87667,1.67887,5.18321,10.18515
1165.0,3.88,1.67625,5.17856,10.20281
1166.0,3.88333,1.6733000000000002,5.175979999999999,10.22148
1167.0,3.88667,1.67076,5.17196,10.23982
1168.0,3.89,1.6670699999999998,5.168150000000001,10.25843
1169.0,3.89333,1.6659800000000002,5.163920000000001,10.27623
1170.0,3.89667,1.662,5.160019999999999,10.294749999999999
1171.0,3.9,1.65834,5.15594,10.31312
1172.0,3.90333,1.65563,5.15208,10.33132
1173.0,3.90667,1.6529800000000001,5.14693,10.349570000000002
1174.0,3.91,1.65079,5.14352,10.36816
1175.0,3.91333,1.64814,5.14016,10.38607
1176.0,3.91667,1.6436600000000001,5.135700000000001,10.40469
1177.0,3.92,1.64191,5.13255,10.421759999999999
1178.0,3.92333,1.6395,5.12835,10.4407
1179.0,3.92667,1.63589,5.1235,10.45943
1180.0,3.93,1.6337899999999999,5.1191,10.476890000000001
1181.0,3.93333,1.63011,5.11524,10.49532
1182.0,3.93667,1.6281800000000002,5.1109800000000005,10.513340000000001
1183.0,3.94,1.62534,5.1073200000000005,10.53197
1184.0,3.94333,1.6228399999999998,5.10199,10.54997
1185.0,3.94667,1.62021,5.09815,10.56933
1186.0,3.95,1.6169,5.09305,10.586359999999999
1187.0,3.95333,1.61417,5.08859,10.60414
1188.0,3.95667,1.61218,5.08472,10.62396
1189.0,3.96,1.60896,5.07955,10.641869999999999
1190.0,3.96333,1.60721,5.07614,10.65976
1191.0,3.96667,1.60413,5.07073,10.67868
1192.0,3.97,1.6011099999999998,5.06636,10.69547
1193.0,3.97333,1.5987,5.06164,10.71401
1194.0,3.97667,1.59596,5.055969999999999,10.73267
1195.0,3.98,1.59368,5.05233,10.751579999999999
1196.0,3.98333,1.5915000000000001,5.04736,10.768920000000001
1197.0,3.98667,1.58823,5.04219,10.787270000000001
1198.0,3.99,1.5864599999999998,5.03664,10.80528
1199.0,3.99333,1.5837999999999999,5.03278,10.822989999999999
1200.0,3.99667,1.58108,5.027629999999999,10.841669999999999
1201.0,4.0,1.57898,5.02228,10.86021
1202.0,4.00333,1.57673,5.01777,10.878309999999999
1203.0,4.00667,1.5751499999999998,5.0126,10.896389999999998
1204.0,4.01,1.5723799999999999,5.00729,10.915619999999999
1205.0,4.01333,1.56918,5.00262,10.93228
1206.0,4.01667,1.5675999999999999,4.9974,10.9504
1207.0,4.02,1.5653899999999998,4.99259,10.96978
1208.0,4.02333,1.56413,4.98668,10.987029999999999
1209.0,4.02667,1.56111,4.98257,11.00532
1210.0,4.03,1.55862,4.97701,11.023710000000001
1211.0,4.03333,1.55745,4.970899999999999,11.04252
1212.0,4.03667,1.55456,4.96618,11.05946
1213.0,4.04,1.55328,4.96133,11.077210000000001
1214.0,4.04333,1.55119,4.955830000000001,11.09569
1215.0,4.04667,1.5493000000000001,4.94995,11.11356
1216.0,4.05,1.5476599999999998,4.94456,11.132850000000001
1217.0,4.05333,1.54469,4.9384,11.150889999999999
1218.0,4.05667,1.5434,4.93402,11.168309999999998
1219.0,4.06,1.54179,4.928,11.18613
1220.0,4.06333,1.53982,4.92174,11.20457
1221.0,4.06667,1.53825,4.9167700000000005,11.22215
1222.0,4.07,1.53589,4.90986,11.2409
1223.0,4.07333,1.5351,4.90486,11.26016
1224.0,4.07667,1.53331,4.89909,11.277349999999998
1225.0,4.08,1.53185,4.8923000000000005,11.295229999999998
1226.0,4.08333,1.53036,4.88652,11.31368
1227.0,4.08667,1.52895,4.87931,11.331890000000001
1228.0,4.09,1.5276699999999999,4.87397,11.349020000000001
1229.0,4.09333,1.526,4.86865,11.3676
1230.0,4.09667,1.52405,4.86184,11.386780000000002
1231.0,4.1,1.52344,4.8561000000000005,11.40515
1232.0,4.10333,1.521,4.848879999999999,11.422550000000001
1233.0,4.10667,1.52062,4.8431,11.44108
1234.0,4.11,1.51962,4.83757,11.458979999999999
1235.0,4.11333,1.5169300000000001,4.83162,11.47652
1236.0,4.11667,1.5165899999999999,4.82508,11.49634
1237.0,4.12,1.51407,4.81792,11.51413
1238.0,4.12333,1.5129400000000002,4.81299,11.531669999999998
1239.0,4.12667,1.5123199999999999,4.80726,11.550450000000001
1240.0,4.13,1.51091,4.79971,11.56873
1241.0,4.13333,1.5102799999999998,4.79361,11.58749
1242.0,4.13667,1.50873,4.78547,11.60426
1243.0,4.14,1.50826,4.7794,11.622950000000001
1244.0,4.14333,1.50686,4.77255,11.640920000000001
1245.0,4.14667,1.5053,4.76626,11.658199999999999
1246.0,4.15,1.5055699999999999,4.7593700000000005,11.67841
1247.0,4.15333,1.50292,4.75239,11.6959
1248.0,4.15667,1.5024899999999999,4.74655,11.71331
1249.0,4.16,1.5022,4.73927,11.73167
1250.0,4.16333,1.5001499999999999,4.7321800000000005,11.75011
1251.0,4.16667,1.5002199999999999,4.72561,11.76847
1252.0,4.17,1.49906,4.719460000000001,11.78611
1253.0,4.17333,1.49809,4.71239,11.804870000000001
1254.0,4.17667,1.4965899999999999,4.70467,11.823699999999999
1255.0,4.18,1.4962799999999998,4.69697,11.84078
1256.0,4.18333,1.49593,4.6911700000000005,11.85944
1257.0,4.18667,1.4953100000000001,4.684,11.87796
1258.0,4.19,1.4949299999999999,4.67636,11.89497
1259.0,4.19333,1.49363,4.66881,11.91413
1260.0,4.19667,1.49243,4.66119,11.931700000000001
1261.0,4.2,1.49172,4.65539,11.949770000000001
1262.0,4.20333,1.4899600000000002,4.64682,11.9682
1263.0,4.20667,1.4899600000000002,4.6404700000000005,11.98549
1264.0,4.21,1.4889400000000002,4.6319799999999995,12.00366
1265.0,4.21333,1.4880600000000002,4.625179999999999,12.022219999999999
1266.0,4.21667,1.48816,4.61763,12.04
1267.0,4.22,1.4873699999999999,4.6097399999999995,12.058699999999998
1268.0,4.22333,1.4876800000000001,4.6023700000000005,12.07717
1269.0,4.22667,1.48621,4.595330000000001,12.09476
1270.0,4.23,1.48571,4.58831,12.1128
1271.0,4.23333,1.48459,4.58006,12.13016
1272.0,4.23667,1.48619,4.57393,12.14913
1273.0,4.24,1.4848400000000002,4.56687,12.16689
1274.0,4.24333,1.4831299999999998,4.5576799999999995,12.18431
1275.0,4.24667,1.48349,4.54962,12.20124
1276.0,4.25,1.48297,4.54155,12.2205
1277.0,4.25333,1.4829400000000001,4.53482,12.23923
1278.0,4.25667,1.4826300000000001,4.5275799999999995,12.25606
1279.0,4.26,1.48282,4.519270000000001,12.27469
1280.0,4.26333,1.482,4.51223,12.29341
1281.0,4.26667,1.4809299999999999,4.5045,12.31002
1282.0,4.27,1.48211,4.49624,12.32847
1283.0,4.27333,1.48371,4.48873,12.34702
1284.0,4.27667,1.4803600000000001,4.47901,12.363320000000002
1285.0,4.28,1.48132,4.47285,12.381359999999999
1286.0,4.28333,1.4793,4.46462,12.40001
1287.0,4.28667,1.4792599999999998,4.455690000000001,12.418569999999999
1288.0,4.29,1.4799799999999999,4.44924,12.43604
1289.0,4.29333,1.4790199999999998,4.44079,12.453209999999999
1290.0,4.29667,1.47947,4.43218,12.47152
1291.0,4.3,1.47994,4.42377,12.48937
1292.0,4.30333,1.48066,4.4163499999999996,12.50808
1293.0,4.30667,1.4790299999999998,4.40794,12.52417
1294.0,4.31,1.47786,4.39958,12.54183
1295.0,4.31333,1.47883,4.39183,12.55996
1296.0,4.31667,1.47749,4.38436,12.57761
1297.0,4.32,1.47736,4.37606,12.59538
1298.0,4.32333,1.47645,4.36627,12.6131
1299.0,4.32667,1.47962,4.3595299999999995,12.631639999999999
1300.0,4.33,1.47915,4.35204,12.64901
1301.0,4.33333,1.47818,4.34246,12.66633
1302.0,4.33667,1.4787000000000001,4.334820000000001,12.684149999999999
1303.0,4.34,1.47684,4.32672,12.7026
1304.0,4.34333,1.47875,4.31863,12.718589999999999
1305.0,4.34667,1.47978,4.309769999999999,12.736479999999998
1306.0,4.35,1.47936,4.300520000000001,12.755
1307.0,4.35333,1.4819200000000001,4.294169999999999,12.77237
1308.0,4.35667,1.4777500000000001,4.28477,12.790650000000001
1309.0,4.36,1.47872,4.2779300000000005,12.810530000000002
1310.0,4.36333,1.47833,4.269270000000001,12.827639999999999
1311.0,4.36667,1.4797300000000002,4.262029999999999,12.84521
1312.0,4.37,1.47922,4.25152,12.86345
1313.0,4.37333,1.47982,4.243469999999999,12.88123
1314.0,4.37667,1.4815399999999999,4.2369200000000005,12.89925
1315.0,4.38,1.47844,4.22765,12.91548
1316.0,4.38333,1.47912,4.21898,12.93405
1317.0,4.38667,1.48094,4.21118,12.95378
1318.0,4.39,1.47975,4.20229,12.970329999999999
1319.0,4.39333,1.48105,4.19369,12.98727
1320.0,4.39667,1.4837200000000001,4.18519,13.005989999999999
1321.0,4.4,1.4815,4.17732,13.02284
1322.0,4.40333,1.48286,4.16979,13.04069
1323.0,4.40667,1.48065,4.1591000000000005,13.05653
1324.0,4.41,1.48083,4.150980000000001,13.07414
1325.0,4.41333,1.48251,4.14189,13.09162
1326.0,4.41667,1.4821700000000002,4.13406,13.11021
1327.0,4.42,1.48228,4.12624,13.12684
1328.0,4.42333,1.48282,4.11822,13.1447
1329.0,4.42667,1.4836500000000001,4.1086599999999995,13.16133
1330.0,4.43,1.48495,4.09933,13.17858
1331.0,4.43333,1.4855500000000001,4.09095,13.19591
1332.0,4.43667,1.48423,4.0821,13.21359
1333.0,4.44,1.48328,4.07242,13.228209999999999
1334.0,4.44333,1.4860200000000001,4.06638,13.24296
1335.0,4.44667,1.48843,4.05842,13.25924
1336.0,4.45,1.48716,4.04861,13.27385
1337.0,4.45333,1.4884600000000001,4.03863,13.28849
1338.0,4.45667,1.48943,4.03142,13.30569
1339.0,4.46,1.4875399999999999,4.02267,13.31889
1340.0,4.46333,1.48913,4.0144,13.33361
1341.0,4.46667,1.48963,4.00537,13.34615
1342.0,4.47,1.4898099999999999,3.99532,13.36087
1343.0,4.47333,1.49025,3.98692,13.374659999999999
1344.0,4.47667,1.4886000000000001,3.9789600000000003,13.388219999999999
1345.0,4.48,1.49042,3.97161,13.400699999999999
1346.0,4.48333,1.4914699999999999,3.9615199999999997,13.41257
1347.0,4.48667,1.4887700000000001,3.9518400000000002,13.42691
1348.0,4.49,1.4926,3.94448,13.43686
1349.0,4.49333,1.4921,3.93575,13.44804
1350.0,4.49667,1.49128,3.92577,13.46095
1351.0,4.5,1.4932400000000001,3.91901,13.46877
1352.0,4.50333,1.4943,3.9096499999999996,13.480519999999999
1353.0,4.50667,1.4919900000000001,3.90101,13.49232
1354.0,4.51,1.49351,3.89267,13.49939
1355.0,4.51333,1.4938999999999998,3.88426,13.50844
1356.0,4.51667,1.4941499999999999,3.8741399999999997,13.518369999999999
1357.0,4.52,1.49481,3.86632,13.52503
1358.0,4.52333,1.4938,3.85816,13.53436
1359.0,4.52667,1.4952,3.8494200000000003,13.53999
1360.0,4.53,1.49542,3.84127,13.547229999999999
1361.0,4.53333,1.4971199999999998,3.8319400000000003,13.55524
1362.0,4.53667,1.49573,3.8241300000000003,13.560740000000001
1363.0,4.54,1.49596,3.8162700000000003,13.56635
1364.0,4.54333,1.49699,3.8067399999999996,13.57282
1365.0,4.54667,1.49669,3.79751,13.578119999999998
1366.0,4.55,1.4975200000000002,3.7894099999999997,13.58084
1367.0,4.55333,1.49684,3.78041,13.58669
1368.0,4.55667,1.49882,3.77293,13.58955
1369.0,4.56,1.49743,3.7640800000000003,13.59452
1370.0,4.56333,1.4985,3.75572,13.59431
1371.0,4.56667,1.49893,3.7462,13.59835
1372.0,4.57,1.50023,3.7388299999999997,13.59876
1373.0,4.57333,1.4998099999999999,3.72961,13.60267
1374.0,4.57667,1.49994,3.72164,13.600670000000001
1375.0,4.58,1.50129,3.71314,13.60153
1376.0,4.58333,1.5029599999999999,3.7042200000000003,13.60046
1377.0,4.58667,1.50191,3.69635,13.601489999999998
1378.0,4.59,1.50308,3.6869099999999997,13.601959999999998
1379.0,4.59333,1.5034399999999999,3.67863,13.59932
1380.0,4.59667,1.5031800000000002,3.6695499999999996,13.597940000000001
1381.0,4.6,1.5024899999999999,3.6615100000000003,13.59579
1382.0,4.60333,1.50256,3.6530299999999998,13.594159999999999
1383.0,4.60667,1.50545,3.6449900000000004,13.58963
1384.0,4.61,1.5049199999999998,3.63609,13.586829999999999
1385.0,4.61333,1.5053100000000001,3.62717,13.580820000000001
1386.0,4.61667,1.50607,3.61879,13.57623
1387.0,4.62,1.5061000000000002,3.61117,13.57124
1388.0,4.62333,1.50661,3.6024900000000004,13.56527
1389.0,4.62667,1.50645,3.59451,13.560979999999999
1390.0,4.63,1.5093199999999998,3.5854700000000004,13.55326
1391.0,4.63333,1.5073400000000001,3.5776600000000003,13.54772
1392.0,4.63667,1.50867,3.56903,13.537560000000001
1393.0,4.64,1.50908,3.56089,13.529459999999998
1394.0,4.64333,1.50872,3.5525700000000002,13.52155
1395.0,4.64667,1.5099600000000002,3.54326,13.51183
1396.0,4.65,1.50908,3.53642,13.50504
1397.0,4.65333,1.5119200000000002,3.5277499999999997,13.49396
1398.0,4.65667,1.5112200000000002,3.51911,13.481720000000001
1399.0,4.66,1.51137,3.51123,13.47173
1400.0,4.66333,1.51182,3.5037700000000003,13.459760000000001
1401.0,4.66667,1.5124700000000002,3.4946499999999996,13.44878
1402.0,4.67,1.5129400000000002,3.48817,13.433979999999998
1403.0,4.67333,1.51364,3.47965,13.421590000000002
1404.0,4.67667,1.5143,3.4715100000000003,13.40885
1405.0,4.68,1.51601,3.46315,13.39472
1406.0,4.68333,1.51526,3.45532,13.38068
1407.0,4.68667,1.51595,3.44705,13.36442
1408.0,4.69,1.5158699999999998,3.44028,13.3486
1409.0,4.69333,1.51651,3.43039,13.33287
1410.0,4.69667,1.5174,3.42305,13.316980000000001
1411.0,4.7,1.51749,3.41576,13.300540000000002
1412.0,4.70333,1.51724,3.40703,13.283479999999999
1413.0,4.70667,1.5184,3.39924,13.265139999999999
1414.0,4.71,1.51858,3.39104,13.248
1415.0,4.71333,1.51976,3.38347,13.22746
1416.0,4.71667,1.5196100000000001,3.3749700000000002,13.20817
1417.0,4.72,1.5198500000000001,3.3661700000000003,13.18843
1418.0,4.72333,1.5203200000000001,3.35951,13.167390000000001
1419.0,4.72667,1.52138,3.3511399999999996,13.14634
1420.0,4.73,1.5217500000000002,3.3438499999999998,13.124690000000001
1421.0,4.73333,1.52277,3.3360000000000003,13.103969999999999
1422.0,4.73667,1.5252000000000001,3.32854,13.08163
1423.0,4.74,1.5248599999999999,3.3207299999999997,13.05816
1424.0,4.74333,1.52517,3.3124000000000002,13.03423
1425.0,4.74667,1.52521,3.30485,13.010530000000001
1426.0,4.75,1.5258,3.29765,12.985199999999999
1427.0,4.75333,1.5265700000000002,3.28926,12.95985
1428.0,4.75667,1.52722,3.28235,12.9345
1429.0,4.76,1.52796,3.27512,12.90878
1430.0,4.76333,1.5296,3.26709,12.883420000000001
1431.0,4.76667,1.52888,3.25918,12.855830000000001
1432.0,4.77,1.5305000000000002,3.2514499999999997,12.827850000000002
1433.0,4.77333,1.5312100000000002,3.24396,12.800139999999999
1434.0,4.77667,1.53148,3.2369600000000003,12.77267
1435.0,4.78,1.53398,3.22936,12.74478
1436.0,4.78333,1.53383,3.22037,12.71436
1437.0,4.78667,1.5334899999999998,3.2146,12.68577
1438.0,4.79,1.5349899999999999,3.20692,12.65496
1439.0,4.79333,1.53588,3.19901,12.62561
1440.0,4.79667,1.53642,3.19169,12.593989999999998
1441.0,4.8,1.53768,3.1837299999999997,12.56317
1442.0,4.80333,1.53786,3.17742,12.53241
1443.0,4.80667,1.53935,3.16904,12.4998
1444.0,4.81,1.54072,3.16221,12.46754
1445.0,4.81333,1.5402500000000001,3.1548599999999998,12.435360000000001
1446.0,4.81667,1.54017,3.14858,12.40307
1447.0,4.82,1.5422300000000002,3.1401,12.367719999999998
1448.0,4.82333,1.5438800000000001,3.1326,12.335609999999999
1449.0,4.82667,1.5436500000000002,3.1256299999999997,12.30113
1450.0,4.83,1.5441200000000002,3.11916,12.26659
1451.0,4.83333,1.54603,3.11101,12.23186
1452.0,4.83667,1.54646,3.10384,12.19722
1453.0,4.84,1.5476599999999998,3.0968400000000003,12.161800000000001
1454.0,4.84333,1.54827,3.09007,12.12614
1455.0,4.84667,1.54945,3.08286,12.089960000000001
1456.0,4.85,1.54951,3.07548,12.05409
1457.0,4.85333,1.5507,3.06877,12.017829999999998
1458.0,4.85667,1.55236,3.0614600000000003,11.98075
1459.0,4.86,1.55232,3.05504,11.943320000000002
1460.0,4.86333,1.55358,3.04759,11.90735
1461.0,4.86667,1.5549700000000002,3.04076,11.869069999999999
1462.0,4.87,1.55625,3.0332799999999995,11.83257
1463.0,4.87333,1.5572,3.02793,11.79224
1464.0,4.87667,1.55891,3.0207100000000002,11.75471
1465.0,4.88,1.55879,3.01286,11.717
1466.0,4.88333,1.5605000000000002,3.00639,11.678199999999999
1467.0,4.88667,1.56132,3.0004199999999996,11.64056
1468.0,4.89,1.56164,2.99357,11.6001
1469.0,4.89333,1.5635400000000002,2.9858,11.56078
1470.0,4.89667,1.5648,2.97849,11.52221
1471.0,4.9,1.56457,2.9724,11.48212
1472.0,4.90333,1.5663399999999998,2.9669,11.44388
1473.0,4.90667,1.56808,2.9583,11.404020000000001
1474.0,4.91,1.5680699999999999,2.95179,11.364139999999999
1475.0,4.91333,1.5710499999999998,2.9452300000000005,11.32365
1476.0,4.91667,1.57098,2.9397699999999998,11.283430000000001
1477.0,4.92,1.57287,2.93269,11.2443
1478.0,4.92333,1.57423,2.92593,11.20328
1479.0,4.92667,1.57441,2.91824,11.16336
1480.0,4.93,1.57606,2.91382,11.12228
1481.0,4.93333,1.57778,2.90701,11.082080000000001
1482.0,4.93667,1.57898,2.90029,11.040550000000001
1483.0,4.94,1.58036,2.89425,10.999949999999998
1484.0,4.94333,1.5811000000000002,2.88743,10.959269999999998
1485.0,4.94667,1.5830600000000001,2.88214,10.917110000000001
1486.0,4.95,1.5844200000000002,2.87603,10.87509
1487.0,4.95333,1.5854599999999999,2.86914,10.83339
1488.0,4.95667,1.5881800000000001,2.86325,10.7927
1489.0,4.96,1.5880699999999999,2.8565699999999996,10.750229999999998
1490.0,4.96333,1.59047,2.8497500000000002,10.707360000000001
1491.0,4.96667,1.59121,2.8458300000000003,10.66662
1492.0,4.97,1.59346,2.8387200000000004,10.62427
1493.0,4.97333,1.5937200000000002,2.8329899999999997,10.58288
1494.0,4.97667,1.5960400000000001,2.8265800000000003,10.54008
1495.0,4.98,1.59805,2.82154,10.49771
1496.0,4.98333,1.5988200000000001,2.81532,10.45595
1497.0,4.98667,1.6012899999999999,2.8113,10.41481
1498.0,4.99,1.6025800000000001,2.8036000000000003,10.37168
1499.0,4.99333,1.60435,2.7987400000000004,10.33066
1500.0,4.99667,1.60508,2.79284,10.28825
1501.0,5.0,1.60707,2.787,10.245920000000002
1502.0,5.00333,1.6088300000000002,2.78335,10.2051
1503.0,5.00667,1.6116599999999999,2.77565,10.161380000000001
1504.0,5.01,1.61233,2.77124,10.118400000000001
1505.0,5.01333,1.61478,2.76556,10.076609999999999
1506.0,5.01667,1.61657,2.75996,10.03355
1507.0,5.02,1.61887,2.75483,9.99241
1508.0,5.02333,1.62104,2.7495600000000002,9.9483
1509.0,5.02667,1.62233,2.7450799999999997,9.90578
1510.0,5.03,1.62432,2.7388099999999995,9.86339
1511.0,5.03333,1.6260599999999998,2.7338600000000004,9.82022
1512.0,5.03667,1.6296100000000002,2.72885,9.77861
1513.0,5.04,1.6310900000000002,2.72487,9.73621
1514.0,5.04333,1.6343299999999998,2.72037,9.69258
1515.0,5.04667,1.6359299999999999,2.7142399999999998,9.65072
1516.0,5.05,1.6381000000000001,2.71043,9.60768
1517.0,5.05333,1.6402299999999999,2.70527,9.56437
1518.0,5.05667,1.6421199999999998,2.70094,9.521799999999999
1519.0,5.06,1.64397,2.6938099999999996,9.47802
1520.0,5.06333,1.64713,2.6919299999999997,9.43619
1521.0,5.06667,1.64916,2.68695,9.39175
1522.0,5.07,1.65221,2.68229,9.34964
1523.0,5.07333,1.65394,2.6778500000000003,9.30712
1524.0,5.07667,1.65641,2.6736500000000003,9.26347
1525.0,5.08,1.65885,2.6704000000000003,9.22111
1526.0,5.08333,1.66208,2.66503,9.1778
1527.0,5.08667,1.6643700000000001,2.66118,9.13591
1528.0,5.09,1.66671,2.6588600000000002,9.09187
1529.0,5.09333,1.67,2.65437,9.04813
1530.0,5.09667,1.6725700000000001,2.65118,9.00609
1531.0,5.1,1.67427,2.6459500000000005,8.962240000000001
1532.0,5.10333,1.67711,2.64397,8.918339999999999
1533.0,5.10667,1.6792799999999999,2.6407299999999996,8.87588
1534.0,5.11,1.68127,2.63641,8.83023
1535.0,5.11333,1.6834200000000001,2.63368,8.78825
1536.0,5.11667,1.68623,2.62937,8.744349999999999
1537.0,5.12,1.68844,2.6264600000000002,8.70079
1538.0,5.12333,1.69095,2.62447,8.65814
1539.0,5.12667,1.6942599999999999,2.62036,8.614049999999999
1540.0,5.13,1.69637,2.61796,8.569740000000001
1541.0,5.13333,1.69941,2.6151,8.52633
1542.0,5.13667,1.7014699999999998,2.6119499999999998,8.482190000000001
1543.0,5.14,1.70418,2.60969,8.437999999999999
1544.0,5.14333,1.70583,2.60661,8.3939
1545.0,5.14667,1.70909,2.60384,8.35005
1546.0,5.15,1.7116399999999998,2.60173,8.305950000000001
1547.0,5.15333,1.7150299999999998,2.59945,8.26201
1548.0,5.15667,1.71751,2.59679,8.21707
1549.0,5.16,1.72053,2.5952800000000003,8.173540000000001
1550.0,5.16333,1.72278,2.59325,8.12852
1551.0,5.16667,1.72567,2.59041,8.08376
1552.0,5.17,1.72781,2.5894999999999997,8.03993
1553.0,5.17333,1.73027,2.58747,7.99433
1554.0,5.17667,1.73444,2.58651,7.948869999999999
1555.0,5.18,1.73553,2.5853300000000004,7.904210000000001
1556.0,5.18333,1.73916,2.58428,7.859120000000001
1557.0,5.18667,1.7419300000000002,2.5821899999999998,7.8148599999999995
1558.0,5.19,1.7433,2.58141,7.7693200000000004
1559.0,5.19333,1.74694,2.58127,7.724880000000001
1560.0,5.19667,1.7500200000000001,2.5796499999999996,7.67943
1561.0,5.2,1.75284,2.57889,7.633640000000001
1562.0,5.20333,1.75499,2.57911,7.58868
1563.0,5.20667,1.7581200000000001,2.57701,7.5427
1564.0,5.21,1.76108,2.57648,7.49793
1565.0,5.21333,1.7634800000000002,2.57728,7.45189
1566.0,5.21667,1.76761,2.57681,7.40629
1567.0,5.22,1.76988,2.57696,7.361000000000001
1568.0,5.22333,1.77264,2.57657,7.31514
1569.0,5.22667,1.77573,2.5776999999999997,7.270309999999999
1570.0,5.23,1.7777699999999999,2.57742,7.222670000000001
1571.0,5.23333,1.78203,2.5783199999999997,7.17737
1572.0,5.23667,1.78427,2.57877,7.132000000000001
1573.0,5.24,1.78645,2.57938,7.08495
1574.0,5.24333,1.79084,2.5802899999999998,7.039210000000001
1575.0,5.24667,1.79463,2.5820100000000004,6.993329999999999
1576.0,5.25,1.7966399999999998,2.5828699999999998,6.94764
1577.0,5.25333,1.8001099999999999,2.58351,6.90099
1578.0,5.25667,1.80197,2.58484,6.85378
1579.0,5.26,1.80571,2.58618,6.80732
1580.0,5.26333,1.8098500000000002,2.58813,6.7611300000000005
1581.0,5.26667,1.81088,2.58957,6.71486
1582.0,5.27,1.8152000000000001,2.59098,6.66822
1583.0,5.27333,1.8187600000000002,2.59359,6.62072
1584.0,5.27667,1.82083,2.59537,6.575410000000001
1585.0,5.28,1.8248,2.59795,6.52791
1586.0,5.28333,1.8275899999999998,2.59979,6.48125
1587.0,5.28667,1.83108,2.60133,6.4349099999999995
1588.0,5.29,1.83417,2.60383,6.38717
1589.0,5.29333,1.83839,2.6073500000000003,6.34178
1590.0,5.29667,1.8406399999999998,2.6091800000000003,6.2942100000000005
1591.0,5.3,1.8438999999999999,2.61261,6.24807
1592.0,5.30333,1.84786,2.61469,6.19957
1593.0,5.30667,1.85132,2.61757,6.15355
1594.0,5.31,1.8543,2.62144,6.10699
1595.0,5.31333,1.85804,2.6263799999999997,6.059410000000001
1596.0,5.31667,1.86089,2.6285700000000003,6.01251
1597.0,5.32,1.8644399999999999,2.63228,5.965800000000001
1598.0,5.32333,1.86825,2.6343,5.917730000000001
1599.0,5.32667,1.87185,2.63991,5.871230000000001
1600.0,5.33,1.8751,2.64297,5.82376
1601.0,5.33333,1.87735,2.6479700000000004,5.777089999999999
1602.0,5.33667,1.88285,2.6512599999999997,5.7300699999999996
1603.0,5.34,1.8854499999999998,2.6550599999999998,5.6824699999999995
1604.0,5.34333,1.88899,2.6598,5.63511
1605.0,5.34667,1.89231,2.6637,5.58829
1606.0,5.35,1.89595,2.66949,5.54097
1607.0,5.35333,1.8996799999999998,2.67325,5.494389999999999
1608.0,5.35667,1.90172,2.67898,5.44645
1609.0,5.36,1.9066900000000002,2.68397,5.39909
1610.0,5.36333,1.90995,2.69019,5.35212
1611.0,5.36667,1.91389,2.69312,5.30424
1612.0,5.37,1.9168399999999999,2.69904,5.2582
1613.0,5.37333,1.9205699999999999,2.70424,5.2094000000000005
1614.0,5.37667,1.9248599999999998,2.71094,5.162870000000001
1615.0,5.38,1.92719,2.71603,5.1160000000000005
1616.0,5.38333,1.93081,2.7207999999999997,5.0685
1617.0,5.38667,1.9344700000000001,2.7287,5.0216199999999995
1618.0,5.39,1.9385,2.73375,4.97407
1619.0,5.39333,1.94054,2.7407299999999997,4.92622
1620.0,5.39667,1.94585,2.74532,4.87929
1621.0,5.4,1.94932,2.7514499999999997,4.83242
1622.0,5.40333,1.9530500000000002,2.75799,4.7849
1623.0,5.40667,1.9555799999999999,2.76528,4.73752
1624.0,5.41,1.9602000000000002,2.7713200000000002,4.69091
1625.0,5.41333,1.9634200000000002,2.77867,4.64325
1626.0,5.41667,1.96744,2.785,4.59645
1627.0,5.42,1.9697200000000001,2.7924200000000003,4.54885
1628.0,5.42333,1.97411,2.79853,4.5015600000000004
1629.0,5.42667,1.97837,2.80697,4.45568
1630.0,5.43,1.98174,2.8141000000000003,4.40705
1631.0,5.43333,1.98434,2.8212900000000003,4.36031
1632.0,5.43667,1.9884899999999999,2.8284,4.31416
1633.0,5.44,1.99101,2.83565,4.26666
1634.0,5.44333,1.9963399999999998,2.8432299999999997,4.2195100000000005
1635.0,5.44667,1.99833,2.85095,4.17285
1636.0,5.45,2.0032900000000002,2.85853,4.1244
1637.0,5.45333,2.00625,2.86691,4.07839
1638.0,5.45667,2.0113499999999997,2.87488,4.03182
1639.0,5.46,2.01348,2.88299,3.98452
1640.0,5.46333,2.01715,2.89126,3.9369799999999997
1641.0,5.46667,2.02093,2.89961,3.8916699999999995
1642.0,5.47,2.02486,2.90783,3.84395
1643.0,5.47333,2.02831,2.9164600000000003,3.7973500000000002
1644.0,5.47667,2.03129,2.92637,3.75046
1645.0,5.48,2.03591,2.93399,3.7045299999999997
1646.0,5.48333,2.03896,2.9437,3.6561399999999997
1647.0,5.48667,2.04299,2.95272,3.61061
1648.0,5.49,2.04572,2.96133,3.5633
1649.0,5.49333,2.05004,2.96985,3.51722
1650.0,5.49667,2.05303,2.98016,3.4700599999999997
1651.0,5.5,2.05655,2.98925,3.42325
1652.0,5.50333,2.06024,2.99868,3.37664
1653.0,5.50667,2.0631299999999997,3.00791,3.3309800000000003
1654.0,5.51,2.06725,3.0175799999999997,3.28391
1655.0,5.51333,2.0694999999999997,3.02721,3.23706
1656.0,5.51667,2.07414,3.03712,3.19076
1657.0,5.52,2.0772,3.0467700000000004,3.14529
1658.0,5.52333,2.08045,3.0565499999999997,3.09819
1659.0,5.52667,2.08396,3.06718,3.05153
1660.0,5.53,2.0878,3.0785700000000005,3.00569
1661.0,5.53333,2.09154,3.0871,2.95913
1662.0,5.53667,2.0932,3.0978399999999997,2.91253
1663.0,5.54,2.09726,3.1086,2.86616
1664.0,5.54333,2.1007599999999997,3.1193299999999997,2.82082
1665.0,5.54667,2.10343,3.12988,2.77372
1666.0,5.55,2.1072100000000002,3.1398200000000003,2.72723
1667.0,5.55333,2.10986,3.1504700000000003,2.6816699999999996
1668.0,5.55667,2.11451,3.1607299999999996,2.6352300000000004
1669.0,5.56,2.11673,3.17293,2.58907
1670.0,5.56333,2.1198099999999998,3.1830700000000003,2.54238
1671.0,5.56667,2.124,3.19289,2.49624
1672.0,5.57,2.12614,3.20432,2.45047
1673.0,5.57333,2.1303,3.2154399999999996,2.40408
1674.0,5.57667,2.13312,3.22704,2.3580799999999997
1675.0,5.58,2.13614,3.23806,2.3124100000000003
1676.0,5.58333,2.13968,3.2485500000000003,2.26648
1677.0,5.58667,2.1426,3.26053,2.21962
1678.0,5.59,2.14572,3.27135,2.17387
1679.0,5.59333,2.1482,3.2841500000000003,2.1277500000000003
1680.0,5.59667,2.15088,3.2958300000000005,2.0829400000000002
1681.0,5.6,2.1538999999999997,3.3075,2.0367599999999997
1682.0,5.60333,2.15692,3.31862,1.99064
1683.0,5.60667,2.16026,3.3308999999999997,1.9442300000000001
1684.0,5.61,2.16235,3.34213,1.89846
1685.0,5.61333,2.16587,3.35449,1.85296
1686.0,5.61667,2.16839,3.36549,1.8073
1687.0,5.62,2.1718,3.3788400000000003,1.76142
1688.0,5.62333,2.17453,3.38997,1.7157900000000001
1689.0,5.62667,2.17619,3.40257,1.6698
1690.0,5.63,2.17957,3.4144200000000002,1.6243299999999998
1691.0,5.63333,2.18225,3.42651,1.5790600000000001
1692.0,5.63667,2.18499,3.43864,1.53383
1693.0,5.64,2.18772,3.4511399999999997,1.4883199999999999
1694.0,5.64333,2.19144,3.4610700000000003,1.44293
1695.0,5.64667,2.19421,3.4745100000000004,1.39777
1696.0,5.65,2.19733,3.4863600000000003,1.3523500000000002
1697.0,5.65333,2.19883,3.4989,1.30772
1698.0,5.65667,2.20227,3.51265,1.26322
1699.0,5.66,2.20399,3.5233600000000003,1.21712
1700.0,5.66333,2.20665,3.53677,1.17188
1701.0,5.66667,2.2090799999999997,3.54963,1.12855
1702.0,5.67,2.2117,3.56193,1.08259
1703.0,5.67333,2.2137200000000004,3.5743,1.03768
1704.0,5.67667,2.2154599999999998,3.58718,0.99277
1705.0,5.68,2.21778,3.6004300000000002,0.94833
1706.0,5.68333,2.22117,3.6128199999999997,0.90435
1707.0,5.68667,2.22291,3.6261099999999997,0.86115
1708.0,5.69,2.2243399999999998,3.63951,0.81645
1709.0,5.69333,2.22667,3.6513099999999996,0.77158
1710.0,5.69667,2.22945,3.6639600000000003,0.72884
1711.0,5.7,2.23189,3.67708,0.6863800000000001
1712.0,5.70333,2.23434,3.69015,0.64315
1713.0,5.70667,2.23671,3.70291,0.59941
1714.0,5.71,2.23826,3.71508,0.55691
1715.0,5.71333,2.24024,3.7291000000000003,0.51475
1716.0,5.71667,2.24274,3.7415499999999997,0.47287
1717.0,5.72,2.24461,3.75483,0.43127000000000004
1718.0,5.72333,2.2483,3.75683,0.42491999999999996
1719.0,5.72667,2.25046,3.7614900000000002,0.44732999999999995
1720.0,5.73,2.25088,3.76368,0.46094999999999997
1721.0,5.73333,2.25286,3.76137,0.47688
1722.0,5.73667,2.25495,3.7612799999999997,0.49420000000000003
1723.0,5.74,2.25624,3.76106,0.50989
1724.0,5.74333,2.25826,3.75958,0.52586
1725.0,5.74667,2.25963,3.76063,0.5415800000000001
1726.0,5.75,2.26084,3.75995,0.55832
1727.0,5.75333,2.26219,3.75971,0.57348
1728.0,5.75667,2.26405,3.75925,0.59069
1729.0,5.76,2.26523,3.75893,0.60613
1730.0,5.76333,2.26761,3.7586700000000004,0.6232
1731.0,5.76667,2.2683,3.75758,0.63743
1732.0,5.77,2.2699000000000003,3.75743,0.6544599999999999
1733.0,5.77333,2.27047,3.75738,0.6695399999999999
1734.0,5.77667,2.27243,3.75786,0.6854300000000001
1735.0,5.78,2.2733600000000003,3.7566,0.7007099999999999
1736.0,5.78333,2.27523,3.7567899999999996,0.71541
1737.0,5.78667,2.27677,3.75586,0.7299899999999999
1738.0,5.79,2.27752,3.75615,0.74374
1739.0,5.79333,2.27797,3.75539,0.75682
1740.0,5.79667,2.27932,3.75497,0.77079
1741.0,5.8,2.27918,3.7549099999999997,0.78223
1742.0,5.80333,2.2813,3.7543599999999997,0.7950400000000001
1743.0,5.80667,2.28173,3.7540899999999997,0.80742
1744.0,5.81,2.2821000000000002,3.7530799999999997,0.8172499999999999
1745.0,5.81333,2.28342,3.75291,0.8284
1746.0,5.81667,2.28356,3.75199,0.83919
1747.0,5.82,2.28404,3.75163,0.84764
1748.0,5.82333,2.28488,3.7520800000000003,0.8567199999999999
1749.0,5.82667,2.28627,3.75149,0.8659
1750.0,5.83,2.28735,3.75017,0.87357
1751.0,5.83333,2.28768,3.74957,0.88023
1752.0,5.83667,2.28757,3.74959,0.88685
1753.0,5.84,2.2881,3.74945,0.8927299999999999
1754.0,5.84333,2.28844,3.74895,0.89885
1755.0,5.84667,2.29061,3.7468500000000002,0.90333
1756.0,5.85,2.2913,3.74696,0.90659
1757.0,5.85333,2.29155,3.74579,0.9100400000000001
1758.0,5.85667,2.29183,3.74551,0.91256
1759.0,5.86,2.29177,3.74454,0.91444
1760.0,5.86333,2.29209,3.74432,0.9153
1761.0,5.86667,2.2918700000000003,3.7441699999999996,0.9154300000000001
1762.0,5.87,2.29224,3.74361,0.9150400000000001
1763.0,5.87333,2.29245,3.74344,0.9139499999999999
1764.0,5.87667,2.29244,3.74299,0.91181
1765.0,5.88,2.29293,3.74251,0.90929
1766.0,5.88333,2.2928200000000003,3.74234,0.90549
1767.0,5.88667,2.29306,3.74152,0.9016500000000001
1768.0,5.89,2.29254,3.7416500000000004,0.89641
1769.0,5.89333,2.29202,3.74144,0.88985
1770.0,5.89667,2.29216,3.7406200000000003,0.88331
1771.0,5.9,2.29248,3.74037,0.8770399999999999
1772.0,5.90333,2.29238,3.73998,0.86866
1773.0,5.90667,2.2915,3.74004,0.85905
1774.0,5.91,2.29081,3.7396100000000003,0.8486400000000001
1775.0,5.91333,2.29032,3.7401400000000002,0.83931
1776.0,5.91667,2.28966,3.7397000000000005,0.82667
1777.0,5.92,2.2884700000000002,3.73952,0.8149500000000001
1778.0,5.92333,2.2886699999999998,3.7391500000000004,0.80151
1779.0,5.92667,2.28712,3.73991,0.78782
1780.0,5.93,2.2869200000000003,3.7393599999999996,0.77223
1781.0,5.93333,2.28622,3.7402699999999998,0.7579699999999999
1782.0,5.93667,2.28562,3.73956,0.7392700000000001
1783.0,5.94,2.28635,3.73825,0.7237300000000001
1784.0,5.94333,2.28533,3.7377,0.70489
1785.0,5.94667,2.2844800000000003,3.7381,0.68581
1786.0,5.95,2.28361,3.73818,0.66605
1787.0,5.95333,2.28247,3.7379700000000002,0.64566
1788.0,5.95667,2.28177,3.73857,0.6229399999999999
1789.0,5.96,2.2804699999999998,3.7382799999999996,0.6004
1790.0,5.96333,2.27975,3.7388600000000003,0.57768
1791.0,5.96667,2.27852,3.73875,0.55403
1792.0,5.97,2.27673,3.73942,0.52795
1793.0,5.97333,2.2775499999999997,3.7403500000000003,0.50329
1794.0,5.97667,2.28861,3.7442200000000003,0.49591999999999997
1795.0,5.98,2.30692,3.7469200000000003,0.49283
1796.0,5.98333,2.32206,3.75071,0.48723999999999995
1797.0,5.98667,2.33847,3.75442,0.48210000000000003
1798.0,5.99,2.35506,3.7575,0.47350000000000003
1799.0,5.99333,2.36945,3.761,0.46464
1800.0,5.99667,2.3821700000000003,3.76242,0.45896000000000003
1801.0,6.0,2.3862799999999997,3.76365,0.46778
1802.0,6.00333,2.38769,3.7637,0.47365999999999997
1803.0,6.00667,2.39019,3.76442,0.48066000000000003
1804.0,6.01,2.39175,3.76596,0.48622
1805.0,6.01333,2.39359,3.76718,0.49193
1806.0,6.01667,2.3958600000000003,3.76824,0.49552999999999997
1807.0,6.02,2.39784,3.7687,0.49825
1808.0,6.02333,2.4000399999999997,3.7697000000000003,0.49988
1809.0,6.02667,2.40247,3.77088,0.50048
1810.0,6.03,2.40513,3.7720499999999997,0.5006499999999999
1811.0,6.03333,2.40684,3.7730099999999998,0.4996
1812.0,6.03667,2.40882,3.77433,0.49772
1813.0,6.04,2.41112,3.77598,0.49443
1814.0,6.04333,2.41357,3.77713,0.49095999999999995
1815.0,6.04667,2.41792,3.77628,0.48778
1816.0,6.05,2.4204,3.77829,0.48177
1817.0,6.05333,2.42251,3.77985,0.47576999999999997
1818.0,6.05667,2.42414,3.7812599999999996,0.46859
1819.0,6.06,2.4274299999999998,3.7842200000000004,0.46146
1820.0,6.06333,2.43302,3.7894099999999997,0.4567
1821.0,6.06667,2.43663,3.7925999999999997,0.44945999999999997
1822.0,6.07,2.44336,3.7945100000000003,0.44408000000000003
1823.0,6.07333,2.4495,3.79527,0.43965000000000004
1824.0,6.07667,2.45189,3.79385,0.43906
1825.0,6.08,2.45458,3.79322,0.43920000000000003
1826.0,6.08333,2.45614,3.79233,0.43886000000000003
1827.0,6.08667,2.45837,3.7929399999999998,0.43847
1828.0,6.09,2.46007,3.7936,0.43851
1829.0,6.09333,2.46215,3.7935700000000003,0.43903
1830.0,6.09667,2.4629499999999998,3.79362,0.43936
