Frame,Time,X,Y,Z
1,0,301.38,203.619,44.757
2,0.00333,301.433,203.618,44.876
3,0.00666,301.451,203.614,45.004
4,0.01,301.491,203.606,45.154
5,0.01333,301.531,203.572,45.389
6,0.01666,301.556,203.609,45.558
7,0.02,301.559,203.633,45.776
8,0.02333,301.574,203.657,45.987
9,0.02666,301.623,203.659,46.178
10,0.03,301.659,203.757,46.391
11,0.03333,301.701,203.803,46.633
12,0.03666,301.741,203.802,46.846
13,0.04,301.788,203.826,47.063
14,0.04333,301.801,203.821,47.307
15,0.04666,301.815,203.846,47.544
16,0.05,301.778,203.816,47.787
17,0.05333,301.737,203.827,48.005
18,0.05666,301.713,203.857,48.346
19,0.06,301.699,203.892,48.58
20,0.06333,301.641,203.966,48.852
21,0.06666,301.626,204.047,49.155
22,0.07,301.58,204.084,49.398
23,0.07333,301.557,204.123,49.693
24,0.07666,301.527,204.229,49.961
25,0.08,301.536,204.318,50.271
26,0.08333,301.516,204.416,50.586
27,0.08666,301.532,204.475,50.951
28,0.09,301.523,204.544,51.278
29,0.09333,301.464,204.683,51.648
30,0.09666,301.395,204.79,52.01
31,0.1,301.316,204.812,52.362
32,0.10333,301.232,204.81,52.719
33,0.10666,301.191,204.986,53.126
34,0.11,301.192,205.132,53.514
35,0.11333,301.303,205.143,53.99
36,0.11666,301.276,205.271,54.524
37,0.12,301.182,205.453,54.994
38,0.12333,301.101,205.586,55.426
39,0.12666,301.088,205.735,55.869
40,0.13,301.02,205.852,56.356
41,0.13333,300.955,206.031,56.868
42,0.13666,300.92,206.205,57.462
43,0.14,300.883,206.355,58.012
44,0.14333,300.82,206.537,58.543
45,0.14666,300.693,206.714,59.112
46,0.15,300.534,206.903,59.634
47,0.15333,300.424,207.131,60.193
48,0.15666,300.442,207.456,60.798
49,0.16,300.448,207.625,61.476
50,0.16333,300.242,207.723,62.017
51,0.16666,300.072,207.873,62.691
52,0.17,299.944,208.175,63.354
53,0.17333,299.824,208.435,64.055
54,0.17666,299.698,208.637,64.67
55,0.18,299.567,208.946,65.332
56,0.18333,299.4,209.192,66.065
57,0.18666,299.288,209.442,66.748
58,0.19,299.147,209.674,67.495
59,0.19333,298.989,210.007,68.234
60,0.19666,298.825,210.252,68.966
61,0.2,298.708,210.495,69.626
62,0.20333,298.517,210.919,70.484
63,0.20666,298.387,211.26,71.269
64,0.21,298.178,211.541,71.968
65,0.21333,297.958,211.794,72.75
66,0.21666,297.779,212.167,73.615
67,0.22,297.588,212.456,74.398
68,0.22333,297.366,212.771,75.27
69,0.22666,297.079,213.094,76.057
70,0.23,296.828,213.52,76.867
71,0.23333,296.699,213.855,77.721
72,0.23666,296.414,214.279,78.585
73,0.24,296.175,214.555,79.443
74,0.24333,295.935,214.973,80.357
75,0.24666,295.759,215.375,81.162
76,0.25,295.501,215.796,82.003
77,0.25333,295.207,216.147,83.017
78,0.25666,294.989,216.504,83.904
79,0.26,294.7,216.85,84.831
80,0.26333,294.405,217.189,85.692
81,0.26666,294.039,217.636,86.679
82,0.27,293.861,218.091,87.597
83,0.27333,293.547,218.542,88.638
84,0.27666,293.241,218.917,89.465
85,0.28,292.913,219.386,90.483
86,0.28333,292.817,219.653,91.588
87,0.28666,292.578,220.019,92.496
88,0.29,292.181,220.593,93.495
89,0.29333,291.829,221.13,94.44
90,0.29666,291.55,221.58,95.467
91,0.3,291.257,221.905,96.541
92,0.30333,290.897,222.399,97.579
93,0.30666,290.497,222.849,98.555
94,0.31,290.176,223.282,99.541
95,0.31333,289.835,223.851,100.695
96,0.31666,289.563,224.366,101.642
97,0.32,289.19,224.915,102.796
98,0.32333,288.858,225.387,103.722
99,0.32666,288.537,225.828,104.966
100,0.33,288.138,226.337,105.935
101,0.33333,287.769,226.887,106.994
102,0.33666,287.359,227.545,108.066
103,0.34,287.107,227.975,109.248
104,0.34333,286.758,228.51,110.378
105,0.34666,286.355,229.026,111.434
106,0.35,285.973,229.533,112.589
107,0.35333,285.624,230.099,113.675
108,0.35666,285.184,230.787,114.744
109,0.36,284.806,231.314,115.984
110,0.36333,284.445,231.818,117.084
111,0.36666,284.061,232.425,118.26
112,0.37,283.681,232.987,119.358
113,0.37333,283.298,233.654,120.531
114,0.37666,282.905,234.32,121.681
115,0.38,282.575,234.824,122.782
116,0.38333,282.239,235.429,123.995
117,0.38666,281.853,235.977,125.165
118,0.39,281.466,236.534,126.355
119,0.39333,281.166,237.182,127.492
120,0.39666,280.763,237.792,128.68
121,0.4,280.338,238.482,129.831
122,0.40333,280.174,238.912,131.105
123,0.40666,279.728,239.475,132.236
124,0.41,279.445,240.199,133.452
125,0.41333,279.107,240.766,134.471
126,0.41666,278.66,241.46,135.758
127,0.42,278.335,241.972,136.883
128,0.42333,278.066,242.76,138.238
129,0.42666,277.619,243.401,139.3
130,0.43,277.296,244.01,140.515
131,0.43333,276.912,244.56,141.7
132,0.43666,276.534,245.301,142.906
133,0.44,276.141,245.851,144.008
134,0.44333,275.722,246.525,145.2
135,0.44666,275.435,247.07,146.421
136,0.45,275.039,247.708,147.593
137,0.45333,274.729,248.382,148.802
138,0.45666,274.379,248.967,149.912
139,0.46,274.056,249.559,151.177
140,0.46333,273.643,250.27,152.404
141,0.46666,273.283,250.835,153.585
142,0.47,273.002,251.548,154.722
143,0.47333,272.581,252.137,155.937
144,0.47666,272.298,252.773,157.129
145,0.48,271.964,253.344,158.284
146,0.48333,271.704,254.194,159.646
147,0.48666,271.399,254.825,160.626
148,0.49,271.001,255.568,161.924
149,0.49333,270.734,256.119,163.031
150,0.49666,270.507,256.895,164.327
151,0.5,270.037,257.459,165.396
152,0.50333,269.717,258.168,166.603
153,0.50666,269.475,258.833,167.808
154,0.51,269.028,259.554,169.002
155,0.51333,268.673,260.166,170.201
156,0.51666,268.314,260.769,171.375
157,0.52,268.028,261.565,172.627
158,0.52333,267.64,262.147,173.75
159,0.52666,267.313,262.909,174.892
160,0.53,267.01,263.611,176.216
161,0.53333,266.709,264.347,177.445
162,0.53666,266.421,264.985,178.571
163,0.54,266.063,265.687,179.739
164,0.54333,265.88,266.384,180.972
165,0.54666,265.462,267.132,182.17
166,0.55,265.12,267.798,183.344
167,0.55333,264.789,268.416,184.592
168,0.55666,264.392,269.139,185.839
169,0.56,264.148,269.885,187.001
170,0.56333,263.779,270.578,188.116
171,0.56666,263.488,271.32,189.54
172,0.57,263.206,271.939,190.622
173,0.57333,262.751,272.767,191.853
174,0.57666,262.53,273.398,193.102
175,0.58,262.252,274.166,194.371
176,0.58333,261.921,274.97,195.588
177,0.58666,261.711,275.609,196.666
178,0.59,261.384,276.497,198.097
179,0.59333,261.029,277.143,199.181
180,0.59666,260.693,277.868,200.405
181,0.6,260.389,278.652,201.739
182,0.60333,260.175,279.366,202.92
183,0.60666,259.835,280.116,204.101
184,0.61,259.532,280.906,205.403
185,0.61333,259.24,281.602,206.656
186,0.61666,258.912,282.441,207.896
187,0.62,258.567,283.201,209.068
188,0.62333,258.37,283.89,210.399
189,0.62666,258.074,284.686,211.604
190,0.63,257.768,285.353,212.746
191,0.63333,257.458,286.267,214.136
192,0.63666,257.148,286.953,215.288
193,0.64,256.825,287.677,216.562
194,0.64333,256.565,288.471,217.786
195,0.64666,256.356,289.267,219.139
196,0.65,256.053,290.045,220.252
197,0.65333,255.724,290.852,221.482
198,0.65666,255.473,291.658,222.903
199,0.66,255.198,292.41,224.019
200,0.66333,254.762,293.182,225.251
201,0.66666,254.674,293.912,226.622
202,0.67,254.297,294.751,227.811
203,0.67333,254.003,295.47,228.967
204,0.67666,253.72,296.37,230.353
205,0.68,253.367,297.041,231.642
206,0.68333,253.144,297.822,232.88
207,0.68666,252.776,298.727,234.197
208,0.69,252.602,299.475,235.474
209,0.69333,252.256,300.227,236.648
210,0.69666,251.882,301.149,237.933
211,0.7,251.678,301.828,239.299
212,0.70333,251.36,302.656,240.546
213,0.70666,251.016,303.382,241.775
214,0.71,250.896,304.245,243.253
215,0.71333,250.523,305.014,244.366
216,0.71666,250.261,305.979,245.629
217,0.72,249.984,306.665,246.929
218,0.72333,249.658,307.442,248.262
219,0.72666,249.366,308.239,249.551
220,0.73,249.182,309.111,250.908
221,0.73333,248.897,309.852,252.152
222,0.73666,248.57,310.821,253.359
223,0.74,248.278,311.539,254.775
224,0.74333,248.005,312.251,256.04
225,0.74666,247.688,313.135,257.357
226,0.75,247.457,313.957,258.653
227,0.75333,247.226,314.73,259.996
228,0.75666,246.85,315.65,261.264
229,0.76,246.681,316.189,262.612
230,0.76333,246.324,317.139,263.943
231,0.76666,246.108,317.924,265.217
232,0.77,245.893,318.712,266.659
233,0.77333,245.574,319.561,267.938
234,0.77666,245.368,320.344,269.19
235,0.78,245.009,321.232,270.556
236,0.78333,244.748,322.047,271.722
237,0.78666,244.418,322.924,273.165
238,0.79,244.312,323.685,274.573
239,0.79333,244.041,324.467,275.808
240,0.79666,243.711,325.402,277.163
241,0.8,243.535,326.12,278.444
242,0.80333,243.165,327.051,279.832
243,0.80666,242.966,327.92,281.099
244,0.81,242.749,328.643,282.46
245,0.81333,242.415,329.603,283.801
246,0.81666,242.172,330.305,285.082
247,0.82,241.853,331.272,286.519
248,0.82333,241.544,331.985,287.726
249,0.82666,241.325,332.954,289.113
250,0.83,241.007,333.816,290.442
251,0.83333,240.793,334.562,291.741
252,0.83666,240.505,335.388,293.202
253,0.84,240.249,336.293,294.471
254,0.84333,239.99,337.179,295.802
255,0.84666,239.682,338.046,297.221
256,0.85,239.453,338.857,298.524
257,0.85333,239.222,339.75,299.948
258,0.85666,239.042,340.611,301.222
259,0.86,238.714,341.431,302.63
260,0.86333,238.504,342.24,304.034
261,0.86666,238.209,343.136,305.33
262,0.87,237.885,344.047,306.681
263,0.87333,237.753,344.757,308.021
264,0.87666,237.391,345.663,309.418
265,0.88,237.175,346.511,310.783
266,0.88333,236.956,347.439,312.162
267,0.88666,236.639,348.221,313.461
268,0.89,236.382,349.062,314.727
269,0.89333,236.139,350.023,316.307
270,0.89666,235.939,350.797,317.62
271,0.9,235.692,351.752,318.891
272,0.90333,235.503,352.599,320.407
273,0.90666,235.157,353.403,321.698
274,0.91,234.905,354.28,323.036
275,0.91333,234.736,355.254,324.569
276,0.91666,234.444,356.092,325.751
277,0.92,234.311,356.939,327.226
278,0.92333,233.965,357.915,328.68
279,0.92666,233.788,358.695,329.976
280,0.93,233.512,359.684,331.453
281,0.93333,233.251,360.526,332.769
282,0.93666,233.048,361.362,334.147
283,0.94,232.776,362.295,335.71
284,0.94333,232.532,363.103,336.958
285,0.94666,232.319,364.021,338.456
286,0.95,232.022,364.943,339.866
287,0.95333,231.729,365.83,341.242
288,0.95666,231.527,366.705,342.68
289,0.96,231.27,367.622,344.101
290,0.96333,231.006,368.554,345.554
291,0.96666,230.766,369.356,347.016
292,0.97,230.49,370.292,348.409
293,0.97333,230.217,371.221,349.822
294,0.97666,229.976,372.214,351.317
295,0.98,229.739,372.943,352.74
296,0.98333,229.52,373.809,354.224
297,0.98666,229.226,374.853,355.695
298,0.99,229.108,375.675,357.096
299,0.99333,228.695,376.587,358.576
300,0.99666,228.551,377.556,360.064
301,1,228.273,378.457,361.563
302,1.00333,228.05,379.325,363.01
303,1.00666,227.822,380.223,364.447
304,1.01,227.604,381.149,365.985
305,1.01333,227.266,382.2,367.456
306,1.01666,227.084,383.027,368.909
307,1.02,226.808,383.874,370.361
308,1.02333,226.535,384.941,372.051
309,1.02666,226.362,385.726,373.374
310,1.03,226.109,386.726,374.889
311,1.03333,225.865,387.63,376.479
312,1.03666,225.538,388.477,377.906
313,1.04,225.374,389.522,379.486
314,1.04333,225.069,390.459,380.903
315,1.04666,224.9,391.332,382.433
316,1.05,224.673,392.236,384.006
317,1.05333,224.325,393.142,385.428
318,1.05666,224.233,394.176,387.015
319,1.06,223.823,395.043,388.561
320,1.06333,223.65,395.989,390.03
321,1.06666,223.36,396.907,391.619
322,1.07,223.13,397.725,393.047
323,1.07333,222.947,398.729,394.75
324,1.07666,222.669,399.624,396.16
325,1.08,222.407,400.637,397.677
326,1.08333,222.147,401.485,399.284
327,1.08666,221.855,402.404,400.861
328,1.09,221.714,403.311,402.393
329,1.09333,221.48,404.237,403.91
330,1.09666,221.281,405.133,405.461
331,1.1,221.124,406.118,407.112
332,1.10333,220.77,407.069,408.615
333,1.10666,220.609,407.853,410.106
334,1.11,220.309,408.795,411.757
335,1.11333,220.172,409.692,413.319
336,1.11666,219.971,410.646,414.841
337,1.12,219.759,411.466,416.367
338,1.12333,219.484,412.424,418.032
339,1.12666,219.227,413.269,419.501
340,1.13,219.029,414.222,421.023
341,1.13333,218.815,415.123,422.677
342,1.13666,218.663,415.944,424.258
343,1.14,218.47,416.804,425.752
344,1.14333,218.284,417.693,427.316
345,1.14666,217.936,418.629,429.013
346,1.15,217.786,419.373,430.445
347,1.15333,217.567,420.284,432.035
348,1.15666,217.35,421.145,433.68
349,1.16,217.117,422.008,435.189
350,1.16333,216.959,422.769,436.731
351,1.16666,216.689,423.685,438.341
352,1.17,216.518,424.438,439.911
353,1.17333,216.332,425.424,441.56
354,1.17666,216.045,426.261,443.045
355,1.18,215.932,427.023,444.709
356,1.18333,215.587,427.983,446.227
357,1.18666,215.488,428.776,447.85
358,1.19,215.181,429.61,449.395
359,1.19333,215.069,430.459,451.02
360,1.19666,214.955,431.32,452.639
361,1.2,214.756,432.055,454.058
362,1.20333,214.579,432.929,455.864
363,1.20666,214.306,433.812,457.345
364,1.21,214.25,434.563,458.909
365,1.21333,213.958,435.414,460.552
366,1.21666,213.862,436.223,462.138
367,1.22,213.724,437.1,463.705
368,1.22333,213.528,437.904,465.312
369,1.22666,213.357,438.601,466.994
370,1.23,213.139,439.532,468.39
371,1.23333,213.122,440.332,470.109
372,1.23666,212.957,441.207,471.759
373,1.24,212.8,441.969,473.265
374,1.24333,212.637,442.772,474.878
375,1.24666,212.39,443.448,476.525
376,1.25,212.249,444.306,478.156
377,1.25333,212.077,445.033,479.665
378,1.25666,212.002,445.744,481.325
379,1.26,211.775,446.683,482.937
380,1.26333,211.645,447.412,484.496
381,1.26666,211.422,448.119,486.204
382,1.27,211.296,448.879,487.689
383,1.27333,211.147,449.644,489.331
384,1.27666,211.093,450.443,490.994
385,1.28,210.957,451.185,492.583
386,1.28333,210.821,451.964,494.18
387,1.28666,210.745,452.698,495.803
388,1.29,210.464,453.483,497.444
389,1.29333,210.36,454.163,499.047
390,1.29666,210.332,455.015,500.645
391,1.3,210.155,455.751,502.216
392,1.30333,210.129,456.501,503.884
393,1.30666,209.898,457.214,505.497
394,1.31,209.857,457.889,507.087
395,1.31333,209.706,458.629,508.735
396,1.31666,209.63,459.353,510.395
397,1.32,209.534,460.016,511.971
398,1.32333,209.435,460.848,513.588
399,1.32666,209.372,461.474,515.197
400,1.33,209.174,462.221,516.808
401,1.33333,209.076,462.91,518.475
402,1.33666,209.047,463.618,520.036
403,1.34,208.91,464.333,521.723
404,1.34333,208.849,465.055,523.29
405,1.34666,208.684,465.739,524.96
406,1.35,208.614,466.389,526.587
407,1.35333,208.453,467.167,528.187
408,1.35666,208.433,467.779,529.851
409,1.36,208.361,468.465,531.412
410,1.36333,208.223,469.198,533.13
411,1.36666,208.185,469.832,534.686
412,1.37,208.12,470.495,536.34
413,1.37333,207.971,471.198,537.961
414,1.37666,207.921,471.739,539.608
415,1.38,207.862,472.504,541.245
416,1.38333,207.868,473.143,542.892
417,1.38666,207.784,473.815,544.505
418,1.39,207.678,474.526,546.156
419,1.39333,207.646,475.123,547.844
420,1.39666,207.444,475.753,549.446
421,1.4,207.475,476.446,551.108
422,1.40333,207.437,477.104,552.696
423,1.40666,207.349,477.723,554.466
424,1.41,207.273,478.313,555.984
425,1.41333,207.218,478.934,557.669
426,1.41666,207.103,479.575,559.306
427,1.42,207.069,480.212,561.048
428,1.42333,206.939,480.745,562.641
429,1.42666,207.004,481.389,564.276
430,1.43,206.954,482.095,565.892
431,1.43333,206.841,482.692,567.652
432,1.43666,206.801,483.278,569.187
433,1.44,206.774,483.824,570.911
434,1.44333,206.611,484.403,572.526
435,1.44666,206.683,485.06,574.205
436,1.45,206.548,485.685,575.933
437,1.45333,206.618,486.206,577.502
438,1.45666,206.512,486.903,579.15
439,1.46,206.44,487.405,580.985
440,1.46333,206.383,487.895,582.487
441,1.46666,206.273,488.581,584.227
442,1.47,206.201,489.147,585.896
443,1.47333,206.203,489.666,587.575
444,1.47666,206.09,490.168,589.273
445,1.48,206.095,490.855,590.912
446,1.48333,206.014,491.401,592.546
447,1.48666,205.925,491.952,594.279
448,1.49,205.943,492.409,595.961
449,1.49333,205.761,492.958,597.674
450,1.49666,205.779,493.59,599.375
451,1.5,205.768,494.094,600.973
452,1.50333,205.629,494.657,602.751
453,1.50666,205.647,495.249,604.402
454,1.51,205.572,495.702,606.106
455,1.51333,205.465,496.148,607.846
456,1.51666,205.348,496.779,609.472
457,1.52,205.263,497.218,611.245
458,1.52333,205.24,497.748,612.906
459,1.52666,205.222,498.279,614.65
460,1.53,205.124,498.857,616.291
461,1.53333,205.128,499.283,617.966
462,1.53666,205.087,499.802,619.817
463,1.54,204.963,500.366,621.346
464,1.54333,204.955,500.843,623.202
465,1.54666,204.821,501.372,624.831
466,1.55,204.784,501.719,626.578
467,1.55333,204.732,502.304,628.29
468,1.55666,204.62,502.888,629.988
469,1.56,204.65,503.314,631.691
470,1.56333,204.559,503.824,633.377
471,1.56666,204.447,504.302,635.203
472,1.57,204.429,504.757,636.782
473,1.57333,204.382,505.277,638.56
474,1.57666,204.311,505.658,640.283
475,1.58,204.251,506.172,641.944
476,1.58333,204.083,506.727,643.755
477,1.58666,204.09,507.136,645.437
478,1.59,204.054,507.59,647.087
479,1.59333,203.901,508.045,648.966
480,1.59666,203.864,508.609,650.538
481,1.6,203.77,508.956,652.401
482,1.60333,203.688,509.447,654.037
483,1.60666,203.741,509.909,655.784
484,1.61,203.519,510.413,657.461
485,1.61333,203.487,510.802,659.28
486,1.61666,203.394,511.165,660.906
487,1.62,203.33,511.745,662.696
488,1.62333,203.21,512.169,664.431
489,1.62666,203.178,512.599,666.108
490,1.63,203.062,512.997,667.903
491,1.63333,203.019,513.453,669.587
492,1.63666,202.865,513.844,671.276
493,1.64,202.837,514.294,673.059
494,1.64333,202.825,514.669,674.787
495,1.64666,202.636,515.061,676.495
496,1.65,202.6,515.625,678.249
497,1.65333,202.467,515.886,679.955
498,1.65666,202.402,516.312,681.724
499,1.66,202.303,516.675,683.497
500,1.66333,202.231,517.193,685.154
501,1.66666,202.149,517.566,686.875
502,1.67,202.133,517.993,688.693
503,1.67333,202.088,518.352,690.359
504,1.67666,201.973,518.78,692.092
505,1.68,201.894,519.137,693.856
506,1.68333,201.725,519.425,695.63
507,1.68666,201.62,519.767,697.394
508,1.69,201.575,520.174,699.06
509,1.69333,201.447,520.571,700.867
510,1.69666,201.271,521.026,702.546
511,1.7,201.233,521.328,704.362
512,1.70333,201.088,521.661,706.013
513,1.70666,201.012,522.059,707.825
514,1.71,200.855,522.422,709.486
515,1.71333,200.74,522.718,711.291
516,1.71666,200.699,523.062,713.024
517,1.72,200.628,523.403,714.722
518,1.72333,200.555,523.848,716.52
519,1.72666,200.515,524.076,718.232
520,1.73,200.372,524.433,719.956
521,1.73333,200.209,524.743,721.748
522,1.73666,200.134,525.1,723.494
523,1.74,199.984,525.292,725.19
524,1.74333,199.95,525.687,726.963
525,1.74666,199.897,525.933,728.744
526,1.75,199.757,526.198,730.415
527,1.75333,199.541,526.578,732.215
528,1.75666,199.46,526.827,733.96
529,1.76,199.26,527.089,735.739
530,1.76333,199.146,527.379,737.44
531,1.76666,199.091,527.544,739.159
532,1.77,198.856,527.963,740.93
533,1.77333,198.791,528.137,742.736
534,1.77666,198.625,528.378,744.424
535,1.78,198.46,528.669,746.172
536,1.78333,198.419,528.881,747.938
537,1.78666,198.319,529.148,749.635
538,1.79,198.157,529.464,751.475
539,1.79333,198.088,529.602,753.168
540,1.79666,197.998,529.803,754.991
541,1.8,197.75,530.183,756.667
542,1.80333,197.699,530.317,758.511
543,1.80666,197.584,530.588,760.143
544,1.81,197.376,530.753,762.062
545,1.81333,197.276,530.921,763.647
546,1.81666,197.148,531.059,765.522
547,1.82,196.945,531.377,767.178
548,1.82333,196.83,531.531,769.02
549,1.82666,196.767,531.836,770.756
550,1.83,196.552,531.952,772.511
551,1.83333,196.513,532.061,774.286
552,1.83666,196.35,532.278,776.079
553,1.84,196.191,532.533,777.768
554,1.84333,196.105,532.671,779.604
555,1.84666,196.05,532.888,781.335
556,1.85,195.829,532.996,783.133
557,1.85333,195.697,533.103,784.903
558,1.85666,195.642,533.342,786.626
559,1.86,195.4,533.546,788.408
560,1.86333,195.298,533.692,790.262
561,1.86666,195.173,533.687,791.933
562,1.87,195.041,533.851,793.749
563,1.87333,194.866,533.944,795.564
564,1.87666,194.818,533.99,797.244
565,1.88,194.656,534.259,799.152
566,1.88333,194.501,534.378,800.856
567,1.88666,194.332,534.403,802.634
568,1.89,194.177,534.54,804.416
569,1.89333,194.043,534.64,806.229
570,1.89666,193.987,534.737,807.903
571,1.9,193.792,534.844,809.792
572,1.90333,193.612,534.986,811.527
573,1.90666,193.478,535.002,813.334
574,1.91,193.444,535.082,815.079
575,1.91333,193.306,535.122,816.885
576,1.91666,193.155,535.203,818.733
577,1.92,193.016,535.216,820.39
578,1.92333,192.86,535.281,822.286
579,1.92666,192.655,535.351,823.965
580,1.93,192.582,535.392,825.792
581,1.93333,192.457,535.553,827.51
582,1.93666,192.236,535.469,829.284
583,1.94,192.154,535.606,831.08
584,1.94333,192.069,535.577,832.859
585,1.94666,191.895,535.713,834.541
586,1.95,191.689,535.72,836.329
587,1.95333,191.586,535.777,838.139
588,1.95666,191.399,535.763,839.836
589,1.96,191.24,535.821,841.723
590,1.96333,191.116,535.809,843.331
591,1.96666,190.961,535.724,845.125
592,1.97,190.839,535.841,846.932
593,1.97333,190.597,535.873,848.678
594,1.97666,190.553,535.824,850.414
595,1.98,190.272,535.746,852.208
596,1.98333,190.171,535.836,853.95
597,1.98666,190.013,535.788,855.633
598,1.99,189.964,535.715,857.436
599,1.99333,189.762,535.669,859.266
600,1.99666,189.572,535.696,860.971
601,2,189.494,535.717,862.757
602,2.00333,189.3,535.622,864.486
603,2.00666,189.121,535.594,866.272
604,2.01,188.878,535.56,868.026
605,2.01333,188.824,535.459,869.727
606,2.01666,188.685,535.424,871.523
607,2.02,188.418,535.366,873.271
608,2.02333,188.325,535.233,874.989
609,2.02666,188.128,535.233,876.82
610,2.03,187.972,535.202,878.492
611,2.03333,187.706,535.19,880.259
612,2.03666,187.555,535.098,882.009
613,2.04,187.377,534.975,883.783
614,2.04333,187.18,534.913,885.555
615,2.04666,186.966,534.746,887.277
616,2.05,186.857,534.599,889.108
617,2.05333,186.7,534.573,890.801
618,2.05666,186.45,534.508,892.586
619,2.06,186.191,534.408,894.334
620,2.06333,186.011,534.27,896.048
621,2.06666,185.81,534.252,897.912
622,2.07,185.581,534.029,899.582
623,2.07333,185.421,533.877,901.403
624,2.07666,185.29,533.816,903.095
625,2.08,185.067,533.63,904.887
626,2.08333,184.816,533.58,906.643
627,2.08666,184.578,533.345,908.336
628,2.09,184.343,533.24,910.208
629,2.09333,184.049,533.219,911.988
630,2.09666,183.816,532.972,913.76
631,2.1,183.675,532.889,915.522
632,2.10333,183.486,532.687,917.288
633,2.10666,183.303,532.561,919.149
634,2.11,183.054,532.394,920.853
635,2.11333,182.85,532.22,922.665
636,2.11666,182.51,532.107,924.401
637,2.12,182.296,531.878,926.211
638,2.12333,182.14,531.707,927.982
639,2.12666,181.886,531.559,929.8
640,2.13,181.625,531.31,931.698
641,2.13333,181.391,531.161,933.449
642,2.13666,181.132,530.903,935.233
643,2.14,180.769,530.726,937.022
644,2.14333,180.546,530.589,938.815
645,2.14666,180.398,530.333,940.626
646,2.15,180.129,530.194,942.348
647,2.15333,179.826,529.912,944.171
648,2.15666,179.577,529.773,945.97
649,2.16,179.313,529.468,947.777
650,2.16333,178.933,529.308,949.528
651,2.16666,178.712,529.275,951.326
652,2.17,178.432,529.014,953.087
653,2.17333,178.131,528.776,955
654,2.17666,177.913,528.538,956.705
655,2.18,177.583,528.301,958.579
656,2.18333,177.28,528.092,960.426
657,2.18666,177.059,527.745,962.117
658,2.19,176.719,527.461,964.01
659,2.19333,176.444,527.252,965.76
660,2.19666,176.237,526.873,967.589
661,2.2,175.973,526.593,969.426
662,2.20333,175.643,526.337,971.187
663,2.20666,175.309,526.153,973.04
664,2.21,175.035,525.837,974.806
665,2.21333,174.733,525.648,976.62
666,2.21666,174.451,525.264,978.49
667,2.22,174.082,525.057,980.285
668,2.22333,173.87,524.843,982.033
669,2.22666,173.608,524.518,983.85
670,2.23,173.229,524.23,985.708
671,2.23333,172.919,523.952,987.549
672,2.23666,172.717,523.61,989.273
673,2.24,172.374,523.38,991.076
674,2.24333,172.172,522.999,992.975
675,2.24666,171.853,522.782,994.797
676,2.25,171.529,522.351,996.609
677,2.25333,171.251,522.017,998.408
678,2.25666,170.916,521.739,1000.23
679,2.26,170.574,521.376,1001.962
680,2.26333,170.381,520.99,1003.885
681,2.26666,170.105,520.632,1005.698
682,2.27,169.763,520.355,1007.476
683,2.27333,169.397,520.057,1009.345
684,2.27666,169.121,519.769,1011.138
685,2.28,168.84,519.388,1013.03
686,2.28333,168.615,518.995,1014.813
687,2.28666,168.233,518.705,1016.666
688,2.29,167.887,518.321,1018.515
689,2.29333,167.625,517.856,1020.281
690,2.29666,167.33,517.598,1022.148
691,2.3,167.076,517.196,1023.982
692,2.30333,166.707,516.815,1025.843
693,2.30666,166.598,516.392,1027.623
694,2.31,166.2,516.002,1029.475
695,2.31333,165.834,515.594,1031.312
696,2.31666,165.563,515.208,1033.132
697,2.32,165.298,514.693,1034.957
698,2.32333,165.079,514.352,1036.816
699,2.32666,164.814,514.016,1038.607
700,2.33,164.366,513.57,1040.469
701,2.33333,164.191,513.255,1042.176
702,2.33666,163.95,512.835,1044.07
703,2.34,163.589,512.35,1045.943
704,2.34333,163.379,511.91,1047.689
705,2.34666,163.011,511.524,1049.532
706,2.35,162.818,511.098,1051.334
707,2.35333,162.534,510.732,1053.197
708,2.35666,162.284,510.199,1054.997
709,2.36,162.021,509.815,1056.933
710,2.36333,161.69,509.305,1058.636
711,2.36666,161.417,508.859,1060.414
712,2.37,161.218,508.472,1062.396
713,2.37333,160.896,507.955,1064.187
714,2.37666,160.721,507.614,1065.976
715,2.38,160.413,507.073,1067.868
716,2.38333,160.111,506.636,1069.547
717,2.38666,159.87,506.164,1071.401
718,2.39,159.596,505.597,1073.267
719,2.39333,159.368,505.233,1075.158
720,2.39666,159.15,504.736,1076.892
721,2.4,158.823,504.219,1078.727
722,2.40333,158.646,503.664,1080.528
723,2.40666,158.38,503.278,1082.299
724,2.41,158.108,502.763,1084.167
725,2.41333,157.898,502.228,1086.021
726,2.41666,157.673,501.777,1087.831
727,2.42,157.515,501.26,1089.639
728,2.42333,157.238,500.729,1091.562
729,2.42666,156.918,500.262,1093.228
730,2.43,156.76,499.74,1095.04
731,2.43333,156.539,499.259,1096.978
732,2.43666,156.413,498.668,1098.703
733,2.44,156.111,498.257,1100.532
734,2.44333,155.862,497.701,1102.371
735,2.44666,155.745,497.09,1104.252
736,2.45,155.456,496.618,1105.946
737,2.45333,155.328,496.133,1107.721
738,2.45666,155.119,495.583,1109.569
739,2.46,154.93,494.995,1111.356
740,2.46333,154.766,494.456,1113.285
741,2.46666,154.469,493.84,1115.089
742,2.47,154.34,493.402,1116.831
743,2.47333,154.179,492.8,1118.613
744,2.47666,153.982,492.174,1120.457
745,2.48,153.825,491.677,1122.215
746,2.48333,153.589,490.986,1124.09
747,2.48666,153.51,490.486,1126.016
748,2.49,153.331,489.909,1127.735
749,2.49333,153.185,489.23,1129.523
750,2.49666,153.036,488.652,1131.368
751,2.5,152.895,487.931,1133.189
752,2.50333,152.767,487.397,1134.902
753,2.50666,152.6,486.865,1136.76
754,2.51,152.405,486.184,1138.678
755,2.51333,152.344,485.61,1140.515
756,2.51666,152.1,484.888,1142.255
757,2.52,152.062,484.31,1144.108
758,2.52333,151.962,483.757,1145.898
759,2.52666,151.693,483.162,1147.652
760,2.53,151.659,482.508,1149.634
761,2.53333,151.407,481.792,1151.413
762,2.53666,151.294,481.299,1153.167
763,2.54,151.232,480.726,1155.045
764,2.54333,151.091,479.971,1156.873
765,2.54666,151.028,479.361,1158.749
766,2.55,150.873,478.547,1160.426
767,2.55333,150.826,477.94,1162.295
768,2.55666,150.686,477.255,1164.092
769,2.56,150.53,476.626,1165.82
770,2.56333,150.557,475.937,1167.841
771,2.56666,150.292,475.239,1169.59
772,2.57,150.249,474.655,1171.331
773,2.57333,150.22,473.927,1173.167
774,2.57666,150.015,473.218,1175.011
775,2.58,150.022,472.561,1176.847
776,2.58333,149.906,471.946,1178.611
777,2.58666,149.809,471.239,1180.487
778,2.59,149.659,470.467,1182.37
779,2.59333,149.628,469.697,1184.078
780,2.59666,149.593,469.117,1185.944
781,2.6,149.531,468.4,1187.796
782,2.60333,149.493,467.636,1189.497
783,2.60666,149.363,466.881,1191.413
784,2.61,149.243,466.119,1193.17
785,2.61333,149.172,465.539,1194.977
786,2.61666,148.996,464.682,1196.82
787,2.62,148.996,464.047,1198.549
788,2.62333,148.894,463.198,1200.366
789,2.62666,148.806,462.518,1202.222
790,2.63,148.816,461.763,1204
791,2.63333,148.737,460.974,1205.87
792,2.63666,148.768,460.237,1207.717
793,2.64,148.621,459.533,1209.476
794,2.64333,148.571,458.831,1211.28
795,2.64666,148.459,458.006,1213.016
796,2.65,148.619,457.393,1214.913
797,2.65333,148.484,456.687,1216.689
798,2.65666,148.313,455.768,1218.431
799,2.66,148.349,454.962,1220.124
800,2.66333,148.297,454.155,1222.05
801,2.66666,148.294,453.482,1223.923
802,2.67,148.263,452.758,1225.606
803,2.67333,148.282,451.927,1227.469
804,2.67666,148.2,451.223,1229.341
805,2.68,148.093,450.45,1231.002
806,2.68333,148.211,449.624,1232.847
807,2.68666,148.371,448.873,1234.702
808,2.69,148.036,447.901,1236.332
809,2.69333,148.132,447.285,1238.136
810,2.69666,147.93,446.462,1240.001
811,2.7,147.926,445.569,1241.857
812,2.70333,147.998,444.924,1243.604
813,2.70666,147.902,444.079,1245.321
814,2.71,147.947,443.218,1247.152
815,2.71333,147.994,442.377,1248.937
816,2.71666,148.066,441.635,1250.808
817,2.72,147.903,440.794,1252.417
818,2.72333,147.786,439.958,1254.183
819,2.72666,147.883,439.183,1255.996
820,2.73,147.749,438.436,1257.761
821,2.73333,147.736,437.606,1259.538
822,2.73666,147.645,436.627,1261.31
823,2.74,147.962,435.953,1263.164
824,2.74333,147.915,435.204,1264.901
825,2.74666,147.818,434.246,1266.633
826,2.75,147.87,433.482,1268.415
827,2.75333,147.684,432.672,1270.26
828,2.75666,147.875,431.863,1271.859
829,2.76,147.978,430.977,1273.648
830,2.76333,147.936,430.052,1275.5
831,2.76666,148.192,429.417,1277.237
832,2.77,147.775,428.477,1279.065
833,2.77333,147.872,427.793,1281.053
834,2.77666,147.833,426.927,1282.764
835,2.78,147.973,426.203,1284.521
836,2.78333,147.922,425.152,1286.345
837,2.78666,147.982,424.347,1288.123
838,2.79,148.154,423.692,1289.925
839,2.79333,147.844,422.765,1291.548
840,2.79666,147.912,421.898,1293.405
841,2.8,148.094,421.118,1295.378
842,2.80333,147.975,420.229,1297.033
843,2.80666,148.105,419.369,1298.727
844,2.81,148.372,418.519,1300.599
845,2.81333,148.15,417.732,1302.284
846,2.81666,148.286,416.979,1304.069
847,2.82,148.065,415.91,1305.653
848,2.82333,148.083,415.098,1307.414
849,2.82666,148.251,414.189,1309.162
850,2.83,148.217,413.406,1311.021
851,2.83333,148.228,412.624,1312.684
852,2.83666,148.282,411.822,1314.47
853,2.84,148.365,410.866,1316.133
854,2.84333,148.495,409.933,1317.858
855,2.84666,148.555,409.095,1319.591
856,2.85,148.423,408.21,1321.359
857,2.85333,148.328,407.242,1322.821
858,2.85666,148.602,406.638,1324.296
859,2.86,148.843,405.842,1325.924
860,2.86333,148.716,404.861,1327.385
861,2.86666,148.846,403.863,1328.849
862,2.87,148.943,403.142,1330.569
863,2.87333,148.754,402.267,1331.889
864,2.87666,148.913,401.44,1333.361
865,2.88,148.963,400.537,1334.615
866,2.88333,148.981,399.532,1336.087
867,2.88666,149.025,398.692,1337.466
868,2.89,148.86,397.896,1338.822
869,2.89333,149.042,397.161,1340.07
870,2.89666,149.147,396.152,1341.257
871,2.9,148.877,395.184,1342.691
872,2.90333,149.26,394.448,1343.686
873,2.90666,149.21,393.575,1344.804
874,2.91,149.128,392.577,1346.095
875,2.91333,149.324,391.901,1346.877
876,2.91666,149.43,390.965,1348.052
877,2.92,149.199,390.101,1349.232
878,2.92333,149.351,389.267,1349.939
879,2.92666,149.39,388.426,1350.844
880,2.93,149.415,387.414,1351.837
881,2.93333,149.481,386.632,1352.503
882,2.93666,149.38,385.816,1353.436
883,2.94,149.52,384.942,1353.999
884,2.94333,149.542,384.127,1354.723
885,2.94666,149.712,383.194,1355.524
886,2.95,149.573,382.413,1356.074
887,2.95333,149.596,381.627,1356.635
888,2.95666,149.699,380.674,1357.282
889,2.96,149.669,379.751,1357.812
890,2.96333,149.752,378.941,1358.084
891,2.96666,149.684,378.041,1358.669
892,2.97,149.882,377.293,1358.955
893,2.97333,149.743,376.408,1359.452
894,2.97666,149.85,375.572,1359.431
895,2.98,149.893,374.62,1359.835
896,2.98333,150.023,373.883,1359.876
897,2.98666,149.981,372.961,1360.267
898,2.99,149.994,372.164,1360.067
899,2.99333,150.129,371.314,1360.153
900,2.99666,150.296,370.422,1360.046
901,3,150.191,369.635,1360.149
902,3.00333,150.308,368.691,1360.196
903,3.00666,150.344,367.863,1359.932
904,3.01,150.318,366.955,1359.794
905,3.01333,150.249,366.151,1359.579
906,3.01666,150.256,365.303,1359.416
907,3.02,150.545,364.499,1358.963
908,3.02333,150.492,363.609,1358.683
909,3.02666,150.531,362.717,1358.082
910,3.03,150.607,361.879,1357.623
911,3.03333,150.61,361.117,1357.124
912,3.03666,150.661,360.249,1356.527
913,3.04,150.645,359.451,1356.098
914,3.04333,150.932,358.547,1355.326
915,3.04666,150.734,357.766,1354.772
916,3.05,150.867,356.903,1353.756
917,3.05333,150.908,356.089,1352.946
918,3.05666,150.872,355.257,1352.155
919,3.06,150.996,354.326,1351.183
920,3.06333,150.908,353.642,1350.504
921,3.06666,151.192,352.775,1349.396
922,3.07,151.122,351.911,1348.172
923,3.07333,151.137,351.123,1347.173
924,3.07666,151.182,350.377,1345.976
925,3.08,151.247,349.465,1344.878
926,3.08333,151.294,348.817,1343.398
927,3.08666,151.364,347.965,1342.159
928,3.09,151.43,347.151,1340.885
929,3.09333,151.601,346.315,1339.472
930,3.09666,151.526,345.532,1338.068
931,3.1,151.595,344.705,1336.442
932,3.10333,151.587,344.028,1334.86
933,3.10666,151.651,343.039,1333.287
934,3.11,151.74,342.305,1331.698
935,3.11333,151.749,341.576,1330.054
936,3.11666,151.724,340.703,1328.348
937,3.12,151.84,339.924,1326.514
938,3.12333,151.858,339.104,1324.8
939,3.12666,151.976,338.347,1322.746
940,3.13,151.961,337.497,1320.817
941,3.13333,151.985,336.617,1318.843
942,3.13666,152.032,335.951,1316.739
943,3.14,152.138,335.114,1314.634
944,3.14333,152.175,334.385,1312.469
945,3.14666,152.277,333.6,1310.397
946,3.15,152.52,332.854,1308.163
947,3.15333,152.486,332.073,1305.816
948,3.15666,152.517,331.24,1303.423
949,3.16,152.521,330.485,1301.053
950,3.16333,152.58,329.765,1298.52
951,3.16666,152.657,328.926,1295.985
952,3.17,152.722,328.235,1293.45
953,3.17333,152.796,327.512,1290.878
954,3.17666,152.96,326.709,1288.342
955,3.18,152.888,325.918,1285.583
956,3.18333,153.05,325.145,1282.785
957,3.18666,153.121,324.396,1280.014
958,3.19,153.148,323.696,1277.267
959,3.19333,153.398,322.936,1274.478
960,3.19666,153.383,322.037,1271.436
961,3.2,153.349,321.46,1268.577
962,3.20333,153.499,320.692,1265.496
963,3.20666,153.588,319.901,1262.561
964,3.21,153.642,319.169,1259.399
965,3.21333,153.768,318.373,1256.317
966,3.21666,153.786,317.742,1253.241
967,3.22,153.935,316.904,1249.98
968,3.22333,154.072,316.221,1246.754
969,3.22666,154.025,315.486,1243.536
970,3.23,154.017,314.858,1240.307
971,3.23333,154.223,314.01,1236.772
972,3.23666,154.388,313.26,1233.561
973,3.24,154.365,312.563,1230.113
974,3.24333,154.412,311.916,1226.659
975,3.24666,154.603,311.101,1223.186
976,3.25,154.646,310.384,1219.722
977,3.25333,154.766,309.684,1216.18
978,3.25666,154.827,309.007,1212.614
979,3.26,154.945,308.286,1208.996
980,3.26333,154.951,307.548,1205.409
981,3.26666,155.07,306.877,1201.783
982,3.27,155.236,306.146,1198.075
983,3.27333,155.232,305.504,1194.332
984,3.27666,155.358,304.759,1190.735
985,3.28,155.497,304.076,1186.907
986,3.28333,155.625,303.328,1183.257
987,3.28666,155.72,302.793,1179.224
988,3.29,155.891,302.071,1175.471
989,3.29333,155.879,301.286,1171.7
990,3.29666,156.05,300.639,1167.82
991,3.3,156.132,300.042,1164.056
992,3.30333,156.164,299.357,1160.01
993,3.30666,156.354,298.58,1156.078
994,3.31,156.48,297.849,1152.221
995,3.31333,156.457,297.24,1148.212
996,3.31666,156.634,296.69,1144.388
997,3.32,156.808,295.83,1140.402
998,3.32333,156.807,295.179,1136.414
999,3.32666,157.105,294.523,1132.365
1000,3.33,157.098,293.977,1128.343
1001,3.33333,157.287,293.269,1124.43
1002,3.33666,157.423,292.593,1120.328
1003,3.34,157.441,291.824,1116.336
1004,3.34333,157.606,291.382,1112.228
1005,3.34666,157.778,290.701,1108.208
1006,3.35,157.898,290.029,1104.055
1007,3.35333,158.036,289.425,1099.995
1008,3.35666,158.11,288.743,1095.927
1009,3.36,158.306,288.214,1091.711
1010,3.36333,158.442,287.603,1087.509
1011,3.36666,158.546,286.914,1083.339
1012,3.37,158.818,286.325,1079.27
1013,3.37333,158.807,285.657,1075.023
1014,3.37666,159.047,284.975,1070.736
1015,3.38,159.121,284.583,1066.662
1016,3.38333,159.346,283.872,1062.427
1017,3.38666,159.372,283.299,1058.288
1018,3.39,159.604,282.658,1054.008
1019,3.39333,159.805,282.154,1049.771
1020,3.39666,159.882,281.532,1045.595
1021,3.4,160.129,281.13,1041.481
1022,3.40333,160.258,280.36,1037.168
1023,3.40666,160.435,279.874,1033.066
1024,3.41,160.508,279.284,1028.825
1025,3.41333,160.707,278.7,1024.592
1026,3.41666,160.883,278.335,1020.51
1027,3.42,161.166,277.565,1016.138
1028,3.42333,161.233,277.124,1011.84
1029,3.42666,161.478,276.556,1007.661
1030,3.43,161.657,275.996,1003.355
1031,3.43333,161.887,275.483,999.241
1032,3.43666,162.104,274.956,994.83
1033,3.44,162.233,274.508,990.578
1034,3.44333,162.432,273.881,986.339
1035,3.44666,162.606,273.386,982.022
1036,3.45,162.961,272.885,977.861
1037,3.45333,163.109,272.487,973.621
1038,3.45666,163.433,272.037,969.258
1039,3.46,163.593,271.424,965.072
1040,3.46333,163.81,271.043,960.768
1041,3.46666,164.023,270.527,956.437
1042,3.47,164.212,270.094,952.18
1043,3.47333,164.397,269.381,947.802
1044,3.47666,164.713,269.193,943.619
1045,3.48,164.916,268.695,939.175
1046,3.48333,165.221,268.229,934.964
1047,3.48666,165.394,267.785,930.712
1048,3.49,165.641,267.365,926.347
1049,3.49333,165.885,267.04,922.111
1050,3.49666,166.208,266.503,917.78
1051,3.5,166.437,266.118,913.591
1052,3.50333,166.671,265.886,909.187
1053,3.50666,167,265.437,904.813
1054,3.51,167.257,265.118,900.609
1055,3.51333,167.427,264.595,896.224
1056,3.51666,167.711,264.397,891.834
1057,3.52,167.928,264.073,887.588
1058,3.52333,168.127,263.641,883.023
1059,3.52666,168.342,263.368,878.825
1060,3.53,168.623,262.937,874.435
1061,3.53333,168.844,262.646,870.079
1062,3.53666,169.095,262.447,865.814
1063,3.54,169.426,262.036,861.405
1064,3.54333,169.637,261.796,856.974
1065,3.54666,169.941,261.51,852.633
1066,3.55,170.147,261.195,848.219
1067,3.55333,170.418,260.969,843.8
1068,3.55666,170.583,260.661,839.39
1069,3.56,170.909,260.384,835.005
1070,3.56333,171.164,260.173,830.595
1071,3.56666,171.503,259.945,826.201
1072,3.57,171.751,259.679,821.707
1073,3.57333,172.053,259.528,817.354
1074,3.57666,172.278,259.325,812.852
1075,3.58,172.567,259.041,808.376
1076,3.58333,172.781,258.95,803.993
1077,3.58666,173.027,258.747,799.433
1078,3.59,173.444,258.651,794.887
1079,3.59333,173.553,258.533,790.421
1080,3.59666,173.916,258.428,785.912
1081,3.6,174.193,258.219,781.486
1082,3.60333,174.33,258.141,776.932
1083,3.60666,174.694,258.127,772.488
1084,3.61,175.002,257.965,767.943
1085,3.61333,175.284,257.889,763.364
1086,3.61666,175.499,257.911,758.868
1087,3.62,175.812,257.701,754.27
1088,3.62333,176.108,257.648,749.793
1089,3.62666,176.348,257.728,745.189
1090,3.63,176.761,257.681,740.629
1091,3.63333,176.988,257.696,736.1
1092,3.63666,177.264,257.657,731.514
1093,3.64,177.573,257.77,727.031
1094,3.64333,177.777,257.742,722.267
1095,3.64666,178.203,257.832,717.737
1096,3.65,178.427,257.877,713.2
1097,3.65333,178.645,257.938,708.495
1098,3.65666,179.084,258.029,703.921
1099,3.66,179.463,258.201,699.333
1100,3.66333,179.664,258.287,694.764
1101,3.66666,180.011,258.351,690.099
1102,3.67,180.197,258.484,685.378
1103,3.67333,180.571,258.618,680.732
1104,3.67666,180.985,258.813,676.113
1105,3.68,181.088,258.957,671.486
1106,3.68333,181.52,259.098,666.822
1107,3.68666,181.876,259.359,662.072
1108,3.69,182.083,259.537,657.541
1109,3.69333,182.48,259.795,652.791
1110,3.69666,182.759,259.979,648.125
1111,3.7,183.108,260.133,643.491
1112,3.70333,183.417,260.383,638.717
1113,3.70666,183.839,260.735,634.178
1114,3.71,184.064,260.918,629.421
1115,3.71333,184.39,261.261,624.807
1116,3.71666,184.786,261.469,619.957
1117,3.72,185.132,261.757,615.355
1118,3.72333,185.43,262.144,610.699
1119,3.72666,185.804,262.638,605.941
1120,3.73,186.089,262.857,601.251
1121,3.73333,186.444,263.228,596.58
1122,3.73666,186.825,263.43,591.773
1123,3.74,187.185,263.991,587.123
1124,3.74333,187.51,264.297,582.376
1125,3.74666,187.735,264.797,577.709
1126,3.75,188.285,265.126,573.007
1127,3.75333,188.545,265.506,568.247
1128,3.75666,188.899,265.98,563.511
1129,3.76,189.231,266.37,558.829
1130,3.76333,189.595,266.949,554.097
1131,3.76666,189.968,267.325,549.439
1132,3.77,190.172,267.898,544.645
1133,3.77333,190.669,268.397,539.909
1134,3.77666,190.995,269.019,535.212
1135,3.78,191.389,269.312,530.424
1136,3.78333,191.684,269.904,525.82
1137,3.78666,192.057,270.424,520.94
1138,3.79,192.486,271.094,516.287
1139,3.79333,192.719,271.603,511.6
1140,3.79666,193.081,272.08,506.85
1141,3.8,193.447,272.87,502.162
1142,3.80333,193.85,273.375,497.407
1143,3.80666,194.054,274.073,492.622
1144,3.81,194.585,274.532,487.929
1145,3.81333,194.932,275.145,483.242
1146,3.81666,195.305,275.799,478.49
1147,3.82,195.558,276.528,473.752
1148,3.82333,196.02,277.132,469.091
1149,3.82666,196.342,277.867,464.325
1150,3.83,196.744,278.5,459.645
1151,3.83333,196.972,279.242,454.885
1152,3.83666,197.411,279.853,450.156
1153,3.84,197.837,280.697,445.568
1154,3.84333,198.174,281.41,440.705
1155,3.84666,198.434,282.129,436.031
1156,3.85,198.849,282.84,431.416
1157,3.85333,199.101,283.565,426.666
1158,3.85666,199.634,284.323,421.951
1159,3.86,199.833,285.095,417.285
1160,3.86333,200.329,285.853,412.44
1161,3.86666,200.625,286.691,407.839
1162,3.87,201.135,287.488,403.182
1163,3.87333,201.348,288.299,398.452
1164,3.87666,201.715,289.126,393.698
1165,3.88,202.093,289.961,389.167
1166,3.88333,202.486,290.783,384.395
1167,3.88666,202.831,291.646,379.735
1168,3.89,203.129,292.637,375.046
1169,3.89333,203.591,293.399,370.453
1170,3.89666,203.896,294.37,365.614
1171,3.9,204.299,295.272,361.061
1172,3.90333,204.572,296.133,356.33
1173,3.90666,205.004,296.985,351.722
1174,3.91,205.303,298.016,347.006
1175,3.91333,205.655,298.925,342.325
1176,3.91666,206.024,299.868,337.664
1177,3.92,206.313,300.791,333.098
1178,3.92333,206.725,301.758,328.391
1179,3.92666,206.95,302.721,323.706
1180,3.93,207.414,303.712,319.076
1181,3.93333,207.72,304.677,314.529
1182,3.93666,208.045,305.655,309.819
1183,3.94,208.396,306.718,305.153
1184,3.94333,208.78,307.857,300.569
1185,3.94666,209.154,308.71,295.913
1186,3.95,209.32,309.784,291.253
1187,3.95333,209.726,310.86,286.616
1188,3.95666,210.076,311.933,282.082
1189,3.96,210.343,312.988,277.372
1190,3.96333,210.721,313.982,272.723
1191,3.96666,210.986,315.047,268.167
1192,3.97,211.451,316.073,263.523
1193,3.97333,211.673,317.293,258.907
1194,3.97666,211.981,318.307,254.238
1195,3.98,212.4,319.289,249.624
1196,3.98333,212.614,320.432,245.047
1197,3.98666,213.03,321.544,240.408
1198,3.99,213.312,322.704,235.808
1199,3.99333,213.614,323.806,231.241
